--
-- PostgreSQL database dump
--

-- Dumped from database version 15.10 (Debian 15.10-1.pgdg120+1)
-- Dumped by pg_dump version 15.10 (Debian 15.10-1.pgdg120+1)

SET statement_timeout = 0;
SET lock_timeout = 0;
SET idle_in_transaction_session_timeout = 0;
SET client_encoding = 'UTF8';
SET standard_conforming_strings = on;
SELECT pg_catalog.set_config('search_path', '', false);
SET check_function_bodies = false;
SET xmloption = content;
SET client_min_messages = warning;
SET row_security = off;

SET default_tablespace = '';

SET default_table_access_method = heap;

--
-- Name: auth_group; Type: TABLE; Schema: public; Owner: arca_user
--

CREATE TABLE public.auth_group (
    id integer NOT NULL,
    name character varying(150) NOT NULL
);


ALTER TABLE public.auth_group OWNER TO arca_user;

--
-- Name: auth_group_id_seq; Type: SEQUENCE; Schema: public; Owner: arca_user
--

ALTER TABLE public.auth_group ALTER COLUMN id ADD GENERATED BY DEFAULT AS IDENTITY (
    SEQUENCE NAME public.auth_group_id_seq
    START WITH 1
    INCREMENT BY 1
    NO MINVALUE
    NO MAXVALUE
    CACHE 1
);


--
-- Name: auth_group_permissions; Type: TABLE; Schema: public; Owner: arca_user
--

CREATE TABLE public.auth_group_permissions (
    id bigint NOT NULL,
    group_id integer NOT NULL,
    permission_id integer NOT NULL
);


ALTER TABLE public.auth_group_permissions OWNER TO arca_user;

--
-- Name: auth_group_permissions_id_seq; Type: SEQUENCE; Schema: public; Owner: arca_user
--

ALTER TABLE public.auth_group_permissions ALTER COLUMN id ADD GENERATED BY DEFAULT AS IDENTITY (
    SEQUENCE NAME public.auth_group_permissions_id_seq
    START WITH 1
    INCREMENT BY 1
    NO MINVALUE
    NO MAXVALUE
    CACHE 1
);


--
-- Name: auth_permission; Type: TABLE; Schema: public; Owner: arca_user
--

CREATE TABLE public.auth_permission (
    id integer NOT NULL,
    name character varying(255) NOT NULL,
    content_type_id integer NOT NULL,
    codename character varying(100) NOT NULL
);


ALTER TABLE public.auth_permission OWNER TO arca_user;

--
-- Name: auth_permission_id_seq; Type: SEQUENCE; Schema: public; Owner: arca_user
--

ALTER TABLE public.auth_permission ALTER COLUMN id ADD GENERATED BY DEFAULT AS IDENTITY (
    SEQUENCE NAME public.auth_permission_id_seq
    START WITH 1
    INCREMENT BY 1
    NO MINVALUE
    NO MAXVALUE
    CACHE 1
);


--
-- Name: auth_user; Type: TABLE; Schema: public; Owner: arca_user
--

CREATE TABLE public.auth_user (
    id integer NOT NULL,
    password character varying(128) NOT NULL,
    last_login timestamp with time zone,
    is_superuser boolean NOT NULL,
    username character varying(150) NOT NULL,
    first_name character varying(150) NOT NULL,
    last_name character varying(150) NOT NULL,
    email character varying(254) NOT NULL,
    is_staff boolean NOT NULL,
    is_active boolean NOT NULL,
    date_joined timestamp with time zone NOT NULL
);


ALTER TABLE public.auth_user OWNER TO arca_user;

--
-- Name: auth_user_groups; Type: TABLE; Schema: public; Owner: arca_user
--

CREATE TABLE public.auth_user_groups (
    id bigint NOT NULL,
    user_id integer NOT NULL,
    group_id integer NOT NULL
);


ALTER TABLE public.auth_user_groups OWNER TO arca_user;

--
-- Name: auth_user_groups_id_seq; Type: SEQUENCE; Schema: public; Owner: arca_user
--

ALTER TABLE public.auth_user_groups ALTER COLUMN id ADD GENERATED BY DEFAULT AS IDENTITY (
    SEQUENCE NAME public.auth_user_groups_id_seq
    START WITH 1
    INCREMENT BY 1
    NO MINVALUE
    NO MAXVALUE
    CACHE 1
);


--
-- Name: auth_user_id_seq; Type: SEQUENCE; Schema: public; Owner: arca_user
--

ALTER TABLE public.auth_user ALTER COLUMN id ADD GENERATED BY DEFAULT AS IDENTITY (
    SEQUENCE NAME public.auth_user_id_seq
    START WITH 1
    INCREMENT BY 1
    NO MINVALUE
    NO MAXVALUE
    CACHE 1
);


--
-- Name: auth_user_user_permissions; Type: TABLE; Schema: public; Owner: arca_user
--

CREATE TABLE public.auth_user_user_permissions (
    id bigint NOT NULL,
    user_id integer NOT NULL,
    permission_id integer NOT NULL
);


ALTER TABLE public.auth_user_user_permissions OWNER TO arca_user;

--
-- Name: auth_user_user_permissions_id_seq; Type: SEQUENCE; Schema: public; Owner: arca_user
--

ALTER TABLE public.auth_user_user_permissions ALTER COLUMN id ADD GENERATED BY DEFAULT AS IDENTITY (
    SEQUENCE NAME public.auth_user_user_permissions_id_seq
    START WITH 1
    INCREMENT BY 1
    NO MINVALUE
    NO MAXVALUE
    CACHE 1
);


--
-- Name: authtoken_token; Type: TABLE; Schema: public; Owner: arca_user
--

CREATE TABLE public.authtoken_token (
    key character varying(40) NOT NULL,
    created timestamp with time zone NOT NULL,
    user_id integer NOT NULL
);


ALTER TABLE public.authtoken_token OWNER TO arca_user;

--
-- Name: django_admin_log; Type: TABLE; Schema: public; Owner: arca_user
--

CREATE TABLE public.django_admin_log (
    id integer NOT NULL,
    action_time timestamp with time zone NOT NULL,
    object_id text,
    object_repr character varying(200) NOT NULL,
    action_flag smallint NOT NULL,
    change_message text NOT NULL,
    content_type_id integer,
    user_id integer NOT NULL,
    CONSTRAINT django_admin_log_action_flag_check CHECK ((action_flag >= 0))
);


ALTER TABLE public.django_admin_log OWNER TO arca_user;

--
-- Name: django_admin_log_id_seq; Type: SEQUENCE; Schema: public; Owner: arca_user
--

ALTER TABLE public.django_admin_log ALTER COLUMN id ADD GENERATED BY DEFAULT AS IDENTITY (
    SEQUENCE NAME public.django_admin_log_id_seq
    START WITH 1
    INCREMENT BY 1
    NO MINVALUE
    NO MAXVALUE
    CACHE 1
);


--
-- Name: django_content_type; Type: TABLE; Schema: public; Owner: arca_user
--

CREATE TABLE public.django_content_type (
    id integer NOT NULL,
    app_label character varying(100) NOT NULL,
    model character varying(100) NOT NULL
);


ALTER TABLE public.django_content_type OWNER TO arca_user;

--
-- Name: django_content_type_id_seq; Type: SEQUENCE; Schema: public; Owner: arca_user
--

ALTER TABLE public.django_content_type ALTER COLUMN id ADD GENERATED BY DEFAULT AS IDENTITY (
    SEQUENCE NAME public.django_content_type_id_seq
    START WITH 1
    INCREMENT BY 1
    NO MINVALUE
    NO MAXVALUE
    CACHE 1
);


--
-- Name: django_migrations; Type: TABLE; Schema: public; Owner: arca_user
--

CREATE TABLE public.django_migrations (
    id bigint NOT NULL,
    app character varying(255) NOT NULL,
    name character varying(255) NOT NULL,
    applied timestamp with time zone NOT NULL
);


ALTER TABLE public.django_migrations OWNER TO arca_user;

--
-- Name: django_migrations_id_seq; Type: SEQUENCE; Schema: public; Owner: arca_user
--

ALTER TABLE public.django_migrations ALTER COLUMN id ADD GENERATED BY DEFAULT AS IDENTITY (
    SEQUENCE NAME public.django_migrations_id_seq
    START WITH 1
    INCREMENT BY 1
    NO MINVALUE
    NO MAXVALUE
    CACHE 1
);


--
-- Name: django_session; Type: TABLE; Schema: public; Owner: arca_user
--

CREATE TABLE public.django_session (
    session_key character varying(40) NOT NULL,
    session_data text NOT NULL,
    expire_date timestamp with time zone NOT NULL
);


ALTER TABLE public.django_session OWNER TO arca_user;

--
-- Name: myapp_atividade; Type: TABLE; Schema: public; Owner: arca_user
--

CREATE TABLE public.myapp_atividade (
    id bigint NOT NULL,
    titulo character varying(100) NOT NULL,
    descricao text NOT NULL,
    data date NOT NULL
);


ALTER TABLE public.myapp_atividade OWNER TO arca_user;

--
-- Name: myapp_atividade_autores_equipe; Type: TABLE; Schema: public; Owner: arca_user
--

CREATE TABLE public.myapp_atividade_autores_equipe (
    id bigint NOT NULL,
    atividade_id bigint NOT NULL,
    equipe_id bigint NOT NULL
);


ALTER TABLE public.myapp_atividade_autores_equipe OWNER TO arca_user;

--
-- Name: myapp_atividade_autores_equipe_id_seq; Type: SEQUENCE; Schema: public; Owner: arca_user
--

ALTER TABLE public.myapp_atividade_autores_equipe ALTER COLUMN id ADD GENERATED BY DEFAULT AS IDENTITY (
    SEQUENCE NAME public.myapp_atividade_autores_equipe_id_seq
    START WITH 1
    INCREMENT BY 1
    NO MINVALUE
    NO MAXVALUE
    CACHE 1
);


--
-- Name: myapp_atividade_id_seq; Type: SEQUENCE; Schema: public; Owner: arca_user
--

ALTER TABLE public.myapp_atividade ALTER COLUMN id ADD GENERATED BY DEFAULT AS IDENTITY (
    SEQUENCE NAME public.myapp_atividade_id_seq
    START WITH 1
    INCREMENT BY 1
    NO MINVALUE
    NO MAXVALUE
    CACHE 1
);


--
-- Name: myapp_configuracao; Type: TABLE; Schema: public; Owner: arca_user
--

CREATE TABLE public.myapp_configuracao (
    id bigint NOT NULL,
    mostrar_agenda boolean NOT NULL
);


ALTER TABLE public.myapp_configuracao OWNER TO arca_user;

--
-- Name: myapp_configuracao_id_seq; Type: SEQUENCE; Schema: public; Owner: arca_user
--

ALTER TABLE public.myapp_configuracao ALTER COLUMN id ADD GENERATED BY DEFAULT AS IDENTITY (
    SEQUENCE NAME public.myapp_configuracao_id_seq
    START WITH 1
    INCREMENT BY 1
    NO MINVALUE
    NO MAXVALUE
    CACHE 1
);


--
-- Name: myapp_coordenadaplanta; Type: TABLE; Schema: public; Owner: arca_user
--

CREATE TABLE public.myapp_coordenadaplanta (
    id bigint NOT NULL,
    posicao_x double precision NOT NULL,
    posicao_y double precision NOT NULL,
    planta_id bigint NOT NULL
);


ALTER TABLE public.myapp_coordenadaplanta OWNER TO arca_user;

--
-- Name: myapp_coordenadaplanta_id_seq; Type: SEQUENCE; Schema: public; Owner: arca_user
--

ALTER TABLE public.myapp_coordenadaplanta ALTER COLUMN id ADD GENERATED BY DEFAULT AS IDENTITY (
    SEQUENCE NAME public.myapp_coordenadaplanta_id_seq
    START WITH 1
    INCREMENT BY 1
    NO MINVALUE
    NO MAXVALUE
    CACHE 1
);


--
-- Name: myapp_equipe; Type: TABLE; Schema: public; Owner: arca_user
--

CREATE TABLE public.myapp_equipe (
    id bigint NOT NULL,
    nome character varying(200) NOT NULL,
    imagem character varying(100) NOT NULL,
    cargo character varying(200) NOT NULL,
    biografia text NOT NULL,
    link character varying(200)
);


ALTER TABLE public.myapp_equipe OWNER TO arca_user;

--
-- Name: myapp_equipe_id_seq; Type: SEQUENCE; Schema: public; Owner: arca_user
--

ALTER TABLE public.myapp_equipe ALTER COLUMN id ADD GENERATED BY DEFAULT AS IDENTITY (
    SEQUENCE NAME public.myapp_equipe_id_seq
    START WITH 1
    INCREMENT BY 1
    NO MINVALUE
    NO MAXVALUE
    CACHE 1
);


--
-- Name: myapp_imagemplanta; Type: TABLE; Schema: public; Owner: arca_user
--

CREATE TABLE public.myapp_imagemplanta (
    id bigint NOT NULL,
    imagem character varying(100) NOT NULL,
    descricao character varying(100),
    tags character varying(300),
    planta_id bigint NOT NULL
);


ALTER TABLE public.myapp_imagemplanta OWNER TO arca_user;

--
-- Name: myapp_imagemplanta_id_seq; Type: SEQUENCE; Schema: public; Owner: arca_user
--

ALTER TABLE public.myapp_imagemplanta ALTER COLUMN id ADD GENERATED BY DEFAULT AS IDENTITY (
    SEQUENCE NAME public.myapp_imagemplanta_id_seq
    START WITH 1
    INCREMENT BY 1
    NO MINVALUE
    NO MAXVALUE
    CACHE 1
);


--
-- Name: myapp_inscrito; Type: TABLE; Schema: public; Owner: arca_user
--

CREATE TABLE public.myapp_inscrito (
    id bigint NOT NULL,
    nome character varying(200) NOT NULL,
    email character varying(254) NOT NULL,
    created_at timestamp with time zone NOT NULL
);


ALTER TABLE public.myapp_inscrito OWNER TO arca_user;

--
-- Name: myapp_inscrito_id_seq; Type: SEQUENCE; Schema: public; Owner: arca_user
--

ALTER TABLE public.myapp_inscrito ALTER COLUMN id ADD GENERATED BY DEFAULT AS IDENTITY (
    SEQUENCE NAME public.myapp_inscrito_id_seq
    START WITH 1
    INCREMENT BY 1
    NO MINVALUE
    NO MAXVALUE
    CACHE 1
);


--
-- Name: myapp_mensagem; Type: TABLE; Schema: public; Owner: arca_user
--

CREATE TABLE public.myapp_mensagem (
    id bigint NOT NULL,
    email character varying(254) NOT NULL,
    assunto character varying(100) NOT NULL,
    mensagem text NOT NULL,
    data_criacao timestamp with time zone NOT NULL
);


ALTER TABLE public.myapp_mensagem OWNER TO arca_user;

--
-- Name: myapp_mensagem_id_seq; Type: SEQUENCE; Schema: public; Owner: arca_user
--

ALTER TABLE public.myapp_mensagem ALTER COLUMN id ADD GENERATED BY DEFAULT AS IDENTITY (
    SEQUENCE NAME public.myapp_mensagem_id_seq
    START WITH 1
    INCREMENT BY 1
    NO MINVALUE
    NO MAXVALUE
    CACHE 1
);


--
-- Name: myapp_planta; Type: TABLE; Schema: public; Owner: arca_user
--

CREATE TABLE public.myapp_planta (
    id bigint NOT NULL,
    apelido character varying(100) NOT NULL,
    nome_cientifico character varying(100) NOT NULL,
    resumo text NOT NULL,
    texto text NOT NULL
);


ALTER TABLE public.myapp_planta OWNER TO arca_user;

--
-- Name: myapp_planta_id_seq; Type: SEQUENCE; Schema: public; Owner: arca_user
--

ALTER TABLE public.myapp_planta ALTER COLUMN id ADD GENERATED BY DEFAULT AS IDENTITY (
    SEQUENCE NAME public.myapp_planta_id_seq
    START WITH 1
    INCREMENT BY 1
    NO MINVALUE
    NO MAXVALUE
    CACHE 1
);


--
-- Name: myapp_postagem; Type: TABLE; Schema: public; Owner: arca_user
--

CREATE TABLE public.myapp_postagem (
    id bigint NOT NULL,
    titulo character varying(200) NOT NULL,
    imagem character varying(100) NOT NULL,
    conteudo text NOT NULL,
    data date NOT NULL,
    link character varying(200),
    autor_equipe_id bigint
);


ALTER TABLE public.myapp_postagem OWNER TO arca_user;

--
-- Name: myapp_postagem_id_seq; Type: SEQUENCE; Schema: public; Owner: arca_user
--

ALTER TABLE public.myapp_postagem ALTER COLUMN id ADD GENERATED BY DEFAULT AS IDENTITY (
    SEQUENCE NAME public.myapp_postagem_id_seq
    START WITH 1
    INCREMENT BY 1
    NO MINVALUE
    NO MAXVALUE
    CACHE 1
);


--
-- Data for Name: auth_group; Type: TABLE DATA; Schema: public; Owner: arca_user
--

COPY public.auth_group (id, name) FROM stdin;
\.


--
-- Data for Name: auth_group_permissions; Type: TABLE DATA; Schema: public; Owner: arca_user
--

COPY public.auth_group_permissions (id, group_id, permission_id) FROM stdin;
\.


--
-- Data for Name: auth_permission; Type: TABLE DATA; Schema: public; Owner: arca_user
--

COPY public.auth_permission (id, name, content_type_id, codename) FROM stdin;
1	Can add log entry	1	add_logentry
2	Can change log entry	1	change_logentry
3	Can delete log entry	1	delete_logentry
4	Can view log entry	1	view_logentry
5	Can add permission	2	add_permission
6	Can change permission	2	change_permission
7	Can delete permission	2	delete_permission
8	Can view permission	2	view_permission
9	Can add group	3	add_group
10	Can change group	3	change_group
11	Can delete group	3	delete_group
12	Can view group	3	view_group
13	Can add user	4	add_user
14	Can change user	4	change_user
15	Can delete user	4	delete_user
16	Can view user	4	view_user
17	Can add content type	5	add_contenttype
18	Can change content type	5	change_contenttype
19	Can delete content type	5	delete_contenttype
20	Can view content type	5	view_contenttype
21	Can add session	6	add_session
22	Can change session	6	change_session
23	Can delete session	6	delete_session
24	Can view session	6	view_session
25	Can add todo item	7	add_todoitem
26	Can change todo item	7	change_todoitem
27	Can delete todo item	7	delete_todoitem
28	Can view todo item	7	view_todoitem
29	Can add planta	8	add_planta
30	Can change planta	8	change_planta
31	Can delete planta	8	delete_planta
32	Can view planta	8	view_planta
33	Can add atividade	9	add_atividade
34	Can change atividade	9	change_atividade
35	Can delete atividade	9	delete_atividade
36	Can view atividade	9	view_atividade
37	Can add mensagem	10	add_mensagem
38	Can change mensagem	10	change_mensagem
39	Can delete mensagem	10	delete_mensagem
40	Can view mensagem	10	view_mensagem
41	Can add postagem	11	add_postagem
42	Can change postagem	11	change_postagem
43	Can delete postagem	11	delete_postagem
44	Can view postagem	11	view_postagem
45	Can add imagem planta	12	add_imagemplanta
46	Can change imagem planta	12	change_imagemplanta
47	Can delete imagem planta	12	delete_imagemplanta
48	Can view imagem planta	12	view_imagemplanta
49	Can add equipe	13	add_equipe
50	Can change equipe	13	change_equipe
51	Can delete equipe	13	delete_equipe
52	Can view equipe	13	view_equipe
53	Can add configuracao	14	add_configuracao
54	Can change configuracao	14	change_configuracao
55	Can delete configuracao	14	delete_configuracao
56	Can view configuracao	14	view_configuracao
57	Can add inscrito	15	add_inscrito
58	Can change inscrito	15	change_inscrito
59	Can delete inscrito	15	delete_inscrito
60	Can view inscrito	15	view_inscrito
61	Can add coordenada	16	add_coordenada
62	Can change coordenada	16	change_coordenada
63	Can delete coordenada	16	delete_coordenada
64	Can view coordenada	16	view_coordenada
65	Can add coordenada planta	16	add_coordenadaplanta
66	Can change coordenada planta	16	change_coordenadaplanta
67	Can delete coordenada planta	16	delete_coordenadaplanta
68	Can view coordenada planta	16	view_coordenadaplanta
69	Can add Token	17	add_token
70	Can change Token	17	change_token
71	Can delete Token	17	delete_token
72	Can view Token	17	view_token
73	Can add Token	18	add_tokenproxy
74	Can change Token	18	change_tokenproxy
75	Can delete Token	18	delete_tokenproxy
76	Can view Token	18	view_tokenproxy
\.


--
-- Data for Name: auth_user; Type: TABLE DATA; Schema: public; Owner: arca_user
--

COPY public.auth_user (id, password, last_login, is_superuser, username, first_name, last_name, email, is_staff, is_active, date_joined) FROM stdin;
1	pbkdf2_sha256$720000$TJ6RRN1pNqnIQWCMDCd2Cn$Ul3F2E/fxW4wTqjbXiSelZ1go8BgPu7aPKVG5+fUAzQ=	2025-01-18 23:35:01.700523+00	t	admin			admin@admin.com	t	t	2023-11-09 14:21:38.411+00
\.


--
-- Data for Name: auth_user_groups; Type: TABLE DATA; Schema: public; Owner: arca_user
--

COPY public.auth_user_groups (id, user_id, group_id) FROM stdin;
\.


--
-- Data for Name: auth_user_user_permissions; Type: TABLE DATA; Schema: public; Owner: arca_user
--

COPY public.auth_user_user_permissions (id, user_id, permission_id) FROM stdin;
\.


--
-- Data for Name: authtoken_token; Type: TABLE DATA; Schema: public; Owner: arca_user
--

COPY public.authtoken_token (key, created, user_id) FROM stdin;
d7761a8b858ce86775284db8c65814a447b94bec	2024-07-06 02:19:45.378+00	1
\.


--
-- Data for Name: django_admin_log; Type: TABLE DATA; Schema: public; Owner: arca_user
--

COPY public.django_admin_log (id, action_time, object_id, object_repr, action_flag, change_message, content_type_id, user_id) FROM stdin;
1	2023-12-06 20:34:45.239+00	2	Planta object (2)	1	[{"added": {}}]	8	1
2	2023-12-11 19:19:11.15+00	3	Árvore	1	[{"added": {}}]	8	1
3	2023-12-11 19:19:56.037+00	4	Arbusto	1	[{"added": {}}]	8	1
4	2024-01-10 12:10:57.682+00	3	Árvore	2	[{"changed": {"fields": ["Nome cientifico", "Resumo", "Texto"]}}]	8	1
5	2024-01-10 15:09:13.545+00	1	Imagem da Planta: Planta	1	[{"added": {}}]	12	1
6	2024-01-11 13:57:13.966+00	3	Imagem da Planta: Planta	1	[{"added": {}}]	12	1
7	2024-01-11 13:57:58.508+00	4	Imagem da Planta: Planta	1	[{"added": {}}]	12	1
8	2024-01-11 13:58:17.38+00	5	Imagem da Planta: Árvore	1	[{"added": {}}]	12	1
9	2024-01-11 13:58:30.048+00	6	Imagem da Planta: Arbusto	1	[{"added": {}}]	12	1
10	2024-01-11 13:58:41.634+00	7	Imagem da Planta: Oi	1	[{"added": {}}]	12	1
11	2024-01-27 05:31:50.238+00	1	João	1	[{"added": {}}]	13	1
12	2024-01-27 06:07:34.309+00	2	Jorge	1	[{"added": {}}]	13	1
13	2024-01-27 06:14:12.802+00	2	Jorge	2	[{"changed": {"fields": ["Imagem"]}}]	13	1
14	2024-01-27 06:14:35.009+00	1	João	2	[{"changed": {"fields": ["Imagem"]}}]	13	1
15	2024-01-27 06:53:59.061+00	1	Arca do Cerrado	1	[{"added": {}}]	9	1
16	2024-01-27 07:15:09.368+00	1	Configuracao object (1)	1	[{"added": {}}]	14	1
17	2024-01-27 07:15:13.088+00	1	Configuracao object (1)	2	[{"changed": {"fields": ["Mostrar agenda"]}}]	14	1
18	2024-01-27 07:22:03.315+00	1	Configuracao object (1)	2	[{"changed": {"fields": ["Mostrar agenda"]}}]	14	1
19	2024-01-27 07:22:07.099+00	2	Configuracao object (2)	1	[{"added": {}}]	14	1
20	2024-01-27 07:22:11.54+00	1	Configuracao object (1)	3		14	1
21	2024-01-27 07:27:08.464+00	3	Configuracao object (3)	1	[{"added": {}}]	14	1
22	2024-01-27 07:27:29.476+00	3	Configuracao object (3)	3		14	1
23	2024-01-27 07:27:32.574+00	2	Configuracao object (2)	3		14	1
24	2024-01-27 07:27:35.188+00	4	Configuracao object (4)	1	[{"added": {}}]	14	1
25	2024-01-27 07:27:37.956+00	5	Configuracao object (5)	1	[{"added": {}}]	14	1
26	2024-01-27 07:27:42.175+00	5	Configuracao object (5)	3		14	1
27	2024-01-27 07:31:45.336+00	4	Configuracao object (4)	2	[{"changed": {"fields": ["Mostrar agenda"]}}]	14	1
28	2024-01-27 07:34:34.243+00	4	Configuracao object (4)	2	[]	14	1
29	2024-01-27 07:35:03.03+00	4	Configuracao object (4)	2	[{"changed": {"fields": ["Mostrar agenda"]}}]	14	1
30	2024-01-27 07:37:06.238+00	4	Configuracao object (4)	2	[]	14	1
31	2024-01-27 07:37:12.706+00	4	Configuracao object (4)	2	[{"changed": {"fields": ["Mostrar agenda"]}}]	14	1
32	2024-01-27 07:37:27.504+00	4	Configuracao object (4)	2	[{"changed": {"fields": ["Mostrar agenda"]}}]	14	1
33	2024-01-27 08:00:44.892+00	4	Configuracao object (4)	2	[{"changed": {"fields": ["Mostrar agenda"]}}]	14	1
34	2024-01-27 08:01:04.575+00	4	Configuracao object (4)	2	[{"changed": {"fields": ["Mostrar agenda"]}}]	14	1
35	2024-01-27 08:01:36.215+00	4	Configuracao object (4)	2	[{"changed": {"fields": ["Mostrar agenda"]}}]	14	1
36	2024-01-27 08:03:33.729+00	4	Configuracao object (4)	2	[]	14	1
37	2024-01-27 09:13:41.274+00	1	Bom dia	1	[{"added": {}}]	11	1
38	2024-01-27 09:15:27+00	2	Roxo	1	[{"added": {}}]	11	1
39	2024-01-27 09:15:51.076+00	2	Trabalho	1	[{"added": {}}]	9	1
40	2024-02-16 03:48:05.705+00	3	JoãoO	3		15	1
41	2024-02-17 21:08:46.008+00	4	JoaoO	3		15	1
42	2024-02-17 21:08:49.894+00	2	João	3		15	1
43	2024-02-17 21:08:53.084+00	1	João	3		15	1
44	2024-02-17 21:47:08.438+00	7	JoaoComp	3		15	1
45	2024-02-17 21:47:11.149+00	6	SECOMP	3		15	1
46	2024-02-17 21:47:13.605+00	5	João	3		15	1
47	2024-02-17 22:33:39.978+00	8	Joao	3		15	1
48	2024-02-17 22:34:45.505+00	9	Joao	3		15	1
49	2024-02-17 22:39:13.297+00	10	Joao	3		15	1
50	2024-02-17 23:22:51.111+00	11	Joao	3		15	1
51	2024-02-17 23:24:56.463+00	12	Joao	3		15	1
52	2024-02-20 20:38:31.746+00	13	João	3		15	1
53	2024-02-20 20:43:02.948+00	14	João	3		15	1
54	2024-02-20 20:43:48.697+00	15	João	3		15	1
55	2024-02-20 20:44:38.241+00	16	João	3		15	1
56	2024-02-20 20:46:17.132+00	17	João	3		15	1
57	2024-02-20 20:49:59.778+00	18	João	3		15	1
58	2024-02-20 20:52:06.867+00	19	João	3		15	1
59	2024-02-20 20:53:56.382+00	20	João	3		15	1
60	2024-02-22 20:29:34.161+00	21	João	3		15	1
61	2024-02-22 20:57:16.3+00	22	João	3		15	1
62	2024-02-28 18:56:46.349+00	23	João	3		15	1
63	2024-02-28 18:57:19.629+00	24	João	3		15	1
64	2024-02-28 21:45:27.856+00	3	Teste	1	[{"added": {}}]	11	1
65	2024-02-28 21:49:12.405+00	4	Oi	1	[{"added": {}}]	11	1
66	2024-02-28 21:55:31.005+00	5	Another	1	[{"added": {}}]	11	1
67	2024-02-28 22:01:52.435+00	6	Try	1	[{"added": {}}]	11	1
68	2024-02-28 22:03:41.856+00	7	oba	1	[{"added": {}}]	11	1
69	2024-02-28 22:05:29.11+00	8	Hello	1	[{"added": {}}]	11	1
70	2024-03-01 19:44:04.449+00	9	Oi	1	[{"added": {}}]	11	1
71	2024-03-01 19:44:19.733+00	10	oi	1	[{"added": {}}]	11	1
72	2024-03-01 19:45:13.868+00	11	teste	1	[{"added": {}}]	11	1
73	2024-03-01 19:46:00.254+00	12	tetse	1	[{"added": {}}]	11	1
74	2024-03-01 20:03:26.076+00	13	Arca do Cerrado	1	[{"added": {}}]	11	1
75	2024-03-01 20:08:07.72+00	14	oi	1	[{"added": {}}]	11	1
76	2024-03-07 19:26:56.589+00	6	ACAJU-PEVA	1	[{"added": {}}]	8	1
77	2024-03-07 19:28:14.783+00	6	ACAJU-PEVA	2	[{"changed": {"fields": ["Resumo"]}}]	8	1
78	2024-03-07 19:30:06.861+00	8	Imagem da Planta: ACAJU-PEVA	1	[{"added": {}}]	12	1
79	2024-03-07 19:30:42.872+00	9	Imagem da Planta: ACAJU-PEVA	1	[{"added": {}}]	12	1
80	2024-03-07 19:30:52.929+00	10	Imagem da Planta: ACAJU-PEVA	1	[{"added": {}}]	12	1
81	2024-03-07 19:31:05.117+00	11	Imagem da Planta: ACAJU-PEVA	1	[{"added": {}}]	12	1
82	2024-03-07 19:31:14.491+00	12	Imagem da Planta: ACAJU-PEVA	1	[{"added": {}}]	12	1
83	2024-03-07 19:31:24.23+00	13	Imagem da Planta: ACAJU-PEVA	1	[{"added": {}}]	12	1
84	2024-03-07 19:31:31.7+00	14	Imagem da Planta: ACAJU-PEVA	1	[{"added": {}}]	12	1
85	2024-03-07 19:31:40.451+00	15	Imagem da Planta: ACAJU-PEVA	1	[{"added": {}}]	12	1
86	2024-03-07 19:32:25.406+00	7	Imagem da Planta: Oi	3		12	1
87	2024-03-07 19:32:29.202+00	6	Imagem da Planta: Arbusto	3		12	1
88	2024-03-07 19:32:32.184+00	5	Imagem da Planta: Árvore	3		12	1
89	2024-03-07 19:32:36.238+00	4	Imagem da Planta: Planta	3		12	1
90	2024-03-07 19:32:39.333+00	3	Imagem da Planta: Planta	3		12	1
91	2024-03-07 19:32:58.793+00	5	Oi	3		8	1
92	2024-03-07 19:33:03+00	4	Arbusto	3		8	1
93	2024-03-07 19:33:07.692+00	3	Árvore	3		8	1
94	2024-03-07 19:33:11.527+00	2	Planta	3		8	1
95	2024-03-07 19:34:49.854+00	7	capim barba-de-bode	1	[{"added": {}}]	8	1
96	2024-03-07 19:56:17.297+00	7	capim barba-de-bode	2	[{"added": {"name": "imagem planta", "object": "Imagem da Planta: capim barba-de-bode"}}, {"added": {"name": "imagem planta", "object": "Imagem da Planta: capim barba-de-bode"}}, {"added": {"name": "imagem planta", "object": "Imagem da Planta: capim barba-de-bode"}}, {"added": {"name": "imagem planta", "object": "Imagem da Planta: capim barba-de-bode"}}, {"added": {"name": "imagem planta", "object": "Imagem da Planta: capim barba-de-bode"}}, {"added": {"name": "imagem planta", "object": "Imagem da Planta: capim barba-de-bode"}}]	8	1
97	2024-03-07 20:02:18.614+00	8	Marmelinho-do-Cerrado	1	[{"added": {}}, {"added": {"name": "imagem planta", "object": "Imagem da Planta: Marmelinho-do-Cerrado"}}, {"added": {"name": "imagem planta", "object": "Imagem da Planta: Marmelinho-do-Cerrado"}}, {"added": {"name": "imagem planta", "object": "Imagem da Planta: Marmelinho-do-Cerrado"}}, {"added": {"name": "imagem planta", "object": "Imagem da Planta: Marmelinho-do-Cerrado"}}, {"added": {"name": "imagem planta", "object": "Imagem da Planta: Marmelinho-do-Cerrado"}}, {"added": {"name": "imagem planta", "object": "Imagem da Planta: Marmelinho-do-Cerrado"}}, {"added": {"name": "imagem planta", "object": "Imagem da Planta: Marmelinho-do-Cerrado"}}]	8	1
98	2024-03-07 20:02:34.981+00	7	Capim barba-de-bode	2	[{"changed": {"fields": ["Apelido"]}}]	8	1
99	2024-03-07 20:05:06.234+00	9	Trepadeira de flor grená	1	[{"added": {}}, {"added": {"name": "imagem planta", "object": "Imagem da Planta: Trepadeira de flor gren\\u00e1"}}, {"added": {"name": "imagem planta", "object": "Imagem da Planta: Trepadeira de flor gren\\u00e1"}}, {"added": {"name": "imagem planta", "object": "Imagem da Planta: Trepadeira de flor gren\\u00e1"}}, {"added": {"name": "imagem planta", "object": "Imagem da Planta: Trepadeira de flor gren\\u00e1"}}, {"added": {"name": "imagem planta", "object": "Imagem da Planta: Trepadeira de flor gren\\u00e1"}}, {"added": {"name": "imagem planta", "object": "Imagem da Planta: Trepadeira de flor gren\\u00e1"}}]	8	1
100	2024-03-07 20:05:32.224+00	9	Trepadeira de flor grená	2	[{"changed": {"fields": ["resumo"]}}]	8	1
101	2024-03-07 20:50:09.924+00	3	Maurício Fernandes Figueiredo	1	[{"added": {}}]	13	1
102	2024-03-07 22:05:53.254+00	1	João Otávio Langer de Moraes	2	[{"changed": {"fields": ["Nome", "Imagem", "bibliografia", "Link"]}}]	13	1
103	2024-03-07 22:05:58.332+00	2	Jorge	3		13	1
104	2024-03-07 22:11:43.304+00	4	Configuracao object (4)	2	[{"changed": {"fields": ["Mostrar agenda"]}}]	14	1
105	2024-03-07 22:12:04.794+00	25	João	3		15	1
106	2024-03-07 22:12:11.115+00	5	joao.moraes@estudante.ufscar.br	3		10	1
107	2024-03-07 22:12:13.889+00	4	joao.moraes@estudante.ufscar.br	3		10	1
108	2024-03-07 22:12:16.603+00	3	joao.moraes@estudante.ufscar.br	3		10	1
109	2024-03-07 22:12:19.357+00	2	joao.moraes@estudante.ufscar.br	3		10	1
110	2024-03-07 22:12:22.017+00	1	joao.moraes@estudante.ufscar.br	3		10	1
111	2024-03-07 22:12:30.994+00	14	oi	3		11	1
112	2024-03-07 22:12:35.573+00	13	Arca do Cerrado	3		11	1
113	2024-03-07 22:12:39.017+00	12	tetse	3		11	1
114	2024-03-07 22:12:42.727+00	11	teste	3		11	1
115	2024-03-07 22:12:46.605+00	10	oi	3		11	1
116	2024-03-07 22:12:50.161+00	9	Oi	3		11	1
117	2024-03-07 22:12:53.506+00	8	Hello	3		11	1
118	2024-03-07 22:12:57.357+00	7	oba	3		11	1
119	2024-03-07 22:13:00.429+00	6	Try	3		11	1
120	2024-03-07 22:13:03.867+00	5	Another	3		11	1
121	2024-03-07 22:13:07.192+00	4	Oi	3		11	1
122	2024-03-07 22:13:10.397+00	3	Teste	3		11	1
123	2024-03-07 22:13:13.62+00	2	Roxo	3		11	1
124	2024-03-07 22:13:17.909+00	1	Bom dia	3		11	1
125	2024-03-07 22:16:59.165+00	15	Visita da Escola	1	[{"added": {}}]	11	1
126	2024-03-07 22:36:15.542+00	16	Oficinas de Jardinagem Sustentável	1	[{"added": {}}]	11	1
127	2024-03-07 22:37:09.2+00	17	Trilhas Interpretativas	1	[{"added": {}}]	11	1
128	2024-03-07 23:22:10.885+00	3	Reunião Site	1	[{"added": {}}]	9	1
129	2024-03-07 23:22:35.264+00	4	Entrega do site	1	[{"added": {}}]	9	1
130	2024-03-08 00:53:50.276+00	6	ACAJU-PEVA	2	[{"changed": {"name": "imagem planta", "object": "Imagem da Planta: ACAJU-PEVA", "fields": ["Tags"]}}]	8	1
131	2024-03-08 00:55:31.616+00	6	ACAJU-PEVA	2	[{"changed": {"name": "imagem planta", "object": "Imagem da Planta: ACAJU-PEVA", "fields": ["Tags"]}}]	8	1
132	2024-03-20 22:16:47.698+00	4	Configuracao object (4)	2	[{"changed": {"fields": ["Mostrar agenda"]}}]	14	1
133	2024-03-20 22:17:01.733+00	4	Configuracao object (4)	2	[{"changed": {"fields": ["Mostrar agenda"]}}]	14	1
134	2024-03-20 22:19:29.781+00	4	Configuracao object (4)	2	[{"changed": {"fields": ["Mostrar agenda"]}}]	14	1
135	2024-03-21 12:09:25.015+00	18	teste	1	[{"added": {}}]	11	1
136	2024-03-21 14:05:52.514+00	26	João	3		15	1
137	2024-03-21 14:08:02.378+00	27	João	3		15	1
138	2024-03-21 14:09:25.721+00	28	João	3		15	1
139	2024-03-21 14:10:08.403+00	29	João	3		15	1
140	2024-03-21 14:21:06.218+00	18	teste	3		11	1
141	2024-03-28 22:40:08.099+00	9	Trepadeira de flor grená	2	[{"changed": {"fields": ["Posicao x", "Posicao y"]}}]	8	1
142	2024-03-28 22:40:30.86+00	8	Marmelinho-do-Cerrado	2	[{"changed": {"fields": ["Posicao x", "Posicao y"]}}]	8	1
143	2024-03-28 22:40:46.087+00	7	Capim barba-de-bode	2	[{"changed": {"fields": ["Posicao x", "Posicao y"]}}]	8	1
144	2024-03-28 22:41:14.803+00	6	ACAJU-PEVA	2	[{"changed": {"fields": ["Posicao x", "Posicao y"]}}]	8	1
145	2024-03-29 15:51:47.248+00	6	ACAJU-PEVA	2	[{"changed": {"fields": ["Posicao y"]}}]	8	1
146	2024-03-29 15:54:24.776+00	6	ACAJU-PEVA	2	[{"changed": {"fields": ["Posicao y"]}}]	8	1
147	2024-03-29 16:36:22.013+00	9	Trepadeira de flor grená	2	[{"changed": {"fields": ["Posicao x", "Posicao y"]}}]	8	1
148	2024-03-29 16:36:26.806+00	9	Trepadeira de flor grená	2	[]	8	1
149	2024-03-29 16:36:37.106+00	8	Marmelinho-do-Cerrado	2	[{"changed": {"fields": ["Posicao x", "Posicao y"]}}]	8	1
150	2024-03-29 16:36:49.256+00	7	Capim barba-de-bode	2	[{"changed": {"fields": ["Posicao x", "Posicao y"]}}]	8	1
151	2024-03-29 16:36:59.474+00	6	ACAJU-PEVA	2	[{"changed": {"fields": ["Posicao x", "Posicao y"]}}]	8	1
152	2024-03-29 16:37:34.377+00	9	Trepadeira de flor grená	2	[{"changed": {"fields": ["Posicao x", "Posicao y"]}}]	8	1
153	2024-03-29 16:37:44.652+00	8	Marmelinho-do-Cerrado	2	[{"changed": {"fields": ["Posicao x", "Posicao y"]}}]	8	1
154	2024-03-29 16:37:55.365+00	7	Capim barba-de-bode	2	[{"changed": {"fields": ["Posicao x", "Posicao y"]}}]	8	1
155	2024-03-29 16:38:02.02+00	6	ACAJU-PEVA	2	[{"changed": {"fields": ["Posicao x", "Posicao y"]}}]	8	1
156	2024-03-29 17:11:47.758+00	7	Capim barba-de-bode	2	[{"changed": {"fields": ["Posicao x"]}}]	8	1
157	2024-03-29 17:47:52.436+00	10	Teste	1	[{"added": {}}]	8	1
158	2024-03-29 17:48:14.729+00	10	Teste	2	[{"changed": {"fields": ["Posicao x", "Posicao y"]}}]	8	1
159	2024-03-29 17:49:59.265+00	10	Teste	2	[{"changed": {"fields": ["Posicao x"]}}]	8	1
160	2024-03-29 17:50:11.385+00	10	Teste	2	[{"changed": {"fields": ["Posicao x"]}}]	8	1
161	2024-03-29 17:50:23.245+00	10	Teste	2	[{"changed": {"fields": ["Posicao y"]}}]	8	1
162	2024-03-29 17:51:19.666+00	10	Teste	2	[{"changed": {"fields": ["Posicao x"]}}]	8	1
163	2024-03-29 17:51:43.954+00	10	Teste	2	[{"changed": {"fields": ["Posicao y"]}}]	8	1
164	2024-03-29 17:52:39.833+00	10	Teste	2	[{"changed": {"fields": ["Posicao x", "Posicao y"]}}]	8	1
165	2024-03-29 17:52:52.818+00	10	Teste	2	[{"changed": {"fields": ["Posicao y"]}}]	8	1
166	2024-03-29 17:53:08.295+00	10	Teste	2	[{"changed": {"fields": ["Posicao x", "Posicao y"]}}]	8	1
167	2024-03-29 18:00:34.122+00	10	Teste	2	[{"changed": {"fields": ["Posicao x", "Posicao y"]}}]	8	1
168	2024-03-29 18:03:49.236+00	10	Teste	2	[{"changed": {"fields": ["Posicao x", "Posicao y"]}}]	8	1
169	2024-03-29 18:05:26.371+00	10	Teste	2	[{"changed": {"fields": ["Posicao x", "Posicao y"]}}]	8	1
170	2024-03-29 18:05:50.798+00	10	Teste	2	[{"changed": {"fields": ["Posicao x", "Posicao y"]}}]	8	1
171	2024-03-29 18:07:23.07+00	10	Teste	2	[{"changed": {"fields": ["Posicao x"]}}]	8	1
172	2024-03-29 18:07:39.348+00	10	Teste	2	[{"changed": {"fields": ["Posicao x"]}}]	8	1
173	2024-03-29 18:20:42.277+00	9	Trepadeira de flor grená	2	[{"changed": {"fields": ["Posicao x", "Posicao y"]}}]	8	1
174	2024-03-29 18:20:52.591+00	8	Marmelinho-do-Cerrado	2	[{"changed": {"fields": ["Posicao x", "Posicao y"]}}]	8	1
175	2024-03-29 18:21:00.824+00	7	Capim barba-de-bode	2	[{"changed": {"fields": ["Posicao x", "Posicao y"]}}]	8	1
176	2024-03-29 18:21:09.091+00	6	ACAJU-PEVA	2	[{"changed": {"fields": ["Posicao x", "Posicao y"]}}]	8	1
177	2024-04-02 19:47:58.739+00	11	Jorge	1	[{"added": {}}]	8	1
178	2024-04-02 19:53:51.042+00	12	Joao Otavio	1	[{"added": {}}]	8	1
179	2024-04-02 21:30:39.068+00	6	ACAJU-PEVA	2	[{"added": {"name": "coordenada planta", "object": "(0.0, 0.0)"}}, {"added": {"name": "coordenada planta", "object": "(10.0, 0.0)"}}, {"added": {"name": "coordenada planta", "object": "(0.0, 10.0)"}}]	8	1
180	2024-04-02 21:32:11.035+00	6	ACAJU-PEVA	2	[]	8	1
181	2024-04-02 21:48:28.9+00	6	ACAJU-PEVA	2	[{"changed": {"name": "coordenada planta", "object": "(0.0, 1.0)", "fields": ["Posicao x", "Posicao y"]}}, {"changed": {"name": "coordenada planta", "object": "(1.0, 0.0)", "fields": ["Posicao x", "Posicao y"]}}]	8	1
182	2024-04-02 21:49:57.249+00	9	Trepadeira de flor grená	2	[{"added": {"name": "coordenada planta", "object": "(0.0, 37.0)"}}, {"added": {"name": "coordenada planta", "object": "(1.0, 36.0)"}}]	8	1
183	2024-04-02 21:50:37.906+00	9	Trepadeira de flor grená	2	[{"changed": {"name": "coordenada planta", "object": "(10.0, 37.0)", "fields": ["Posicao x"]}}, {"changed": {"name": "coordenada planta", "object": "(15.0, 36.0)", "fields": ["Posicao x"]}}]	8	1
184	2024-04-02 21:58:16.15+00	7	Capim barba-de-bode	2	[{"added": {"name": "coordenada planta", "object": "(40.0, 27.0)"}}]	8	1
185	2024-04-02 22:06:37.777+00	31	Jorge Pires	3		15	1
186	2024-04-02 22:09:48.541+00	32	Jorge Piress	3		15	1
187	2024-04-02 22:23:56.285+00	33	Jorge Pires	3		15	1
188	2024-04-02 22:23:59.286+00	34	Jorge Pires	3		15	1
189	2024-04-02 23:09:22.391+00	30	João	3		15	1
190	2024-04-04 16:36:56.19+00	35	João	3		15	1
191	2024-04-04 16:46:20.722+00	36	João	3		15	1
192	2024-04-04 16:49:13.741+00	19	Teste	1	[{"added": {}}]	11	1
193	2024-04-04 16:51:00.183+00	19	Teste	3		11	1
194	2024-04-04 16:51:15.163+00	37	João	3		15	1
195	2024-04-04 16:53:19.348+00	12	Joao Otavio	3		8	1
196	2024-04-04 16:53:24.369+00	11	Jorge	3		8	1
197	2024-04-04 16:53:27.356+00	10	Teste	3		8	1
198	2024-04-09 18:42:16.209+00	4	Configuracao object (4)	2	[{"changed": {"fields": ["Mostrar agenda"]}}]	14	1
199	2024-04-09 18:42:37.406+00	4	Configuracao object (4)	2	[{"changed": {"fields": ["Mostrar agenda"]}}]	14	1
200	2024-04-09 18:42:47.613+00	8	lara.malheiros@estudante.ufscar.br	3		10	1
201	2024-04-09 19:26:55.097+00	4	Configuracao object (4)	2	[{"changed": {"fields": ["Mostrar agenda"]}}]	14	1
202	2024-04-09 19:31:15.465+00	4	Configuracao object (4)	2	[{"changed": {"fields": ["Mostrar agenda"]}}]	14	1
203	2024-04-09 19:31:22.92+00	4	Configuracao object (4)	2	[{"changed": {"fields": ["Mostrar agenda"]}}]	14	1
204	2024-04-09 19:36:53.026+00	13	Teste	1	[{"added": {}}, {"added": {"name": "coordenada planta", "object": "(0.0, 1.0)"}}]	8	1
205	2024-04-09 19:40:00.187+00	20	Arca do Cerrado	1	[{"added": {}}]	11	1
206	2024-04-09 22:39:10.664+00	20	Arca do Cerrado	3		11	1
207	2024-04-09 22:40:02.08+00	21	Arca do Cerrado	1	[{"added": {}}]	11	1
208	2024-04-15 13:28:55.007+00	4	Teste	1	[{"added": {}}]	13	1
209	2024-04-15 13:30:57.975+00	4	Teste	3		13	1
210	2024-04-15 13:45:51.884+00	22	Teste	1	[{"added": {}}]	11	1
211	2024-04-15 13:51:56.486+00	23	Teste2	1	[{"added": {}}]	11	1
212	2024-04-15 13:55:39.423+00	24	Teste3	1	[{"added": {}}]	11	1
213	2024-04-15 13:59:53.14+00	25	Teste4	1	[{"added": {}}]	11	1
214	2024-04-15 14:12:10.642+00	26	Teste5	1	[{"added": {}}]	11	1
215	2024-04-15 14:17:38.701+00	27	Teste6	1	[{"added": {}}]	11	1
216	2024-04-15 14:24:11.883+00	28	Teste6	1	[{"added": {}}]	11	1
217	2024-04-15 14:29:22.151+00	29	Teste7	1	[{"added": {}}]	11	1
218	2024-04-15 14:31:23.292+00	30	Teste8	1	[{"added": {}}]	11	1
219	2024-04-15 18:39:50.483+00	31	Teste9	1	[{"added": {}}]	11	1
220	2024-04-15 18:51:44.331+00	32	Teste10	1	[{"added": {}}]	11	1
221	2024-04-15 19:26:39.305+00	33	Teste11	1	[{"added": {}}]	11	1
222	2024-04-15 19:36:57.443+00	34	Teste12	1	[{"added": {}}]	11	1
223	2024-04-15 19:47:44.293+00	35	Teste 13	1	[{"added": {}}]	11	1
224	2024-04-15 19:58:36.509+00	36	Teste14	1	[{"added": {}}]	11	1
225	2024-04-15 20:03:19.219+00	37	Teste15	1	[{"added": {}}]	11	1
226	2024-04-15 20:11:27.054+00	38	Teste16	1	[{"added": {}}]	11	1
227	2024-04-15 20:13:44.257+00	39	teste17	1	[{"added": {}}]	11	1
228	2024-04-15 20:19:05.102+00	40	teste18	1	[{"added": {}}]	11	1
229	2024-04-23 21:26:44.616+00	41	Teste19	1	[{"added": {}}]	11	1
230	2024-04-23 21:28:34.311+00	42	Arca do Cerrado	1	[{"added": {}}]	11	1
231	2024-04-23 21:34:23.94+00	43	Teste20	1	[{"added": {}}]	11	1
232	2024-04-23 21:43:02.11+00	44	Teste21	1	[{"added": {}}]	11	1
233	2024-04-23 21:48:14.235+00	45	TEste22	1	[{"added": {}}]	11	1
234	2024-04-23 21:49:57.035+00	46	Teste23	1	[{"added": {}}]	11	1
235	2024-04-23 21:54:03.367+00	47	Teste24	1	[{"added": {}}]	11	1
236	2024-04-23 21:56:26.584+00	48	Teste25	1	[{"added": {}}]	11	1
237	2024-04-23 21:58:38.295+00	49	Teste26	1	[{"added": {}}]	11	1
238	2024-05-22 21:14:39.731+00	49	Teste26	3		11	1
239	2024-05-22 21:14:39.74+00	48	Teste25	3		11	1
240	2024-05-22 21:14:39.747+00	47	Teste24	3		11	1
241	2024-05-22 21:14:39.755+00	46	Teste23	3		11	1
242	2024-05-22 21:14:39.763+00	45	TEste22	3		11	1
243	2024-05-22 21:14:39.771+00	44	Teste21	3		11	1
244	2024-05-22 21:14:39.78+00	43	Teste20	3		11	1
245	2024-05-22 21:14:39.788+00	42	Arca do Cerrado	3		11	1
246	2024-05-22 21:14:39.796+00	41	Teste19	3		11	1
247	2024-05-22 21:14:39.803+00	40	teste18	3		11	1
248	2024-05-22 21:14:39.812+00	39	teste17	3		11	1
249	2024-05-22 21:14:39.819+00	38	Teste16	3		11	1
250	2024-05-22 21:14:39.828+00	37	Teste15	3		11	1
251	2024-05-22 21:14:39.837+00	36	Teste14	3		11	1
252	2024-05-22 21:14:39.844+00	35	Teste 13	3		11	1
253	2024-05-22 21:14:39.854+00	34	Teste12	3		11	1
254	2024-05-22 21:14:39.862+00	33	Teste11	3		11	1
255	2024-05-22 21:14:39.87+00	32	Teste10	3		11	1
256	2024-05-22 21:14:39.878+00	31	Teste9	3		11	1
257	2024-05-22 21:14:39.887+00	30	Teste8	3		11	1
258	2024-05-22 21:14:39.895+00	29	Teste7	3		11	1
259	2024-05-22 21:14:39.903+00	28	Teste6	3		11	1
260	2024-05-22 21:14:39.91+00	27	Teste6	3		11	1
261	2024-05-22 21:14:39.919+00	26	Teste5	3		11	1
262	2024-05-22 21:14:39.926+00	25	Teste4	3		11	1
263	2024-05-22 21:14:39.936+00	24	Teste3	3		11	1
264	2024-05-22 21:14:39.944+00	23	Teste2	3		11	1
265	2024-05-22 21:14:39.952+00	22	Teste	3		11	1
266	2024-05-22 21:14:54.068+00	21	Arca do Cerrado	3		11	1
267	2024-05-22 21:15:28.982+00	13	Teste	3		8	1
268	2024-06-13 22:42:00.483+00	15	Visita da Escola	2	[{"changed": {"fields": ["Autor equipe"]}}]	11	1
269	2024-06-14 00:36:26.269+00	39	João	3		15	1
270	2024-07-06 02:05:19.748+00	10	joao.moraes@estudante.ufscar.br	3		10	1
271	2024-07-06 02:05:19.766+00	9	joao.moraes@estudante.ufscar.br	3		10	1
272	2024-07-06 02:05:19.775+00	7	joao.moraes@estudante.ufscar.br	3		10	1
273	2024-07-06 02:05:19.782+00	6	joao.moraes@estudante.ufscar.br	3		10	1
274	2024-07-06 02:19:45.388+00	1	d7761a8b858ce86775284db8c65814a447b94bec	1	[{"added": {}}]	18	1
275	2024-07-06 02:38:24.015+00	40	João	3		15	1
276	2024-07-06 03:07:15.654+00	44	João	1	[{"added": {}}]	15	1
277	2024-07-06 03:09:08.999+00	45	João	1	[{"added": {}}]	15	1
278	2024-07-06 03:09:33.694+00	46	Pet-BCC	1	[{"added": {}}]	15	1
279	2024-07-06 03:10:13.758+00	50	Arca do Cerrado	1	[{"added": {}}]	11	1
280	2024-07-06 03:29:17.081+00	50	Arca do Cerrado	3		11	1
281	2024-07-06 03:29:30.725+00	46	Pet-BCC	3		15	1
282	2024-07-06 03:29:30.742+00	45	João	3		15	1
283	2025-01-19 16:46:13.512865+00	1	João	3		15	1
284	2025-01-19 16:46:19.486045+00	1	Email: joaolangerm@gmail.com	3		10	1
285	2025-01-19 16:51:36.015388+00	2	Email: joaolangerm@gmail.com	3		10	1
286	2025-01-19 16:51:39.648329+00	2	João	3		15	1
287	2025-01-19 16:56:25.357602+00	3	Email: joaolangerm@gmail.com	3		10	1
288	2025-01-19 22:00:02.785792+00	10	Luiz	3		15	1
\.


--
-- Data for Name: django_content_type; Type: TABLE DATA; Schema: public; Owner: arca_user
--

COPY public.django_content_type (id, app_label, model) FROM stdin;
1	admin	logentry
2	auth	permission
3	auth	group
4	auth	user
5	contenttypes	contenttype
6	sessions	session
7	myapp	todoitem
8	myapp	planta
9	myapp	atividade
10	myapp	mensagem
11	myapp	postagem
12	myapp	imagemplanta
13	myapp	equipe
14	myapp	configuracao
15	myapp	inscrito
16	myapp	coordenadaplanta
17	authtoken	token
18	authtoken	tokenproxy
\.


--
-- Data for Name: django_migrations; Type: TABLE DATA; Schema: public; Owner: arca_user
--

COPY public.django_migrations (id, app, name, applied) FROM stdin;
1	contenttypes	0001_initial	2025-01-18 23:17:20.579237+00
2	auth	0001_initial	2025-01-18 23:17:20.643822+00
3	admin	0001_initial	2025-01-18 23:17:20.662325+00
4	admin	0002_logentry_remove_auto_add	2025-01-18 23:17:20.669667+00
5	admin	0003_logentry_add_action_flag_choices	2025-01-18 23:17:20.676078+00
6	contenttypes	0002_remove_content_type_name	2025-01-18 23:17:20.69072+00
7	auth	0002_alter_permission_name_max_length	2025-01-18 23:17:20.697641+00
8	auth	0003_alter_user_email_max_length	2025-01-18 23:17:20.704806+00
9	auth	0004_alter_user_username_opts	2025-01-18 23:17:20.711238+00
10	auth	0005_alter_user_last_login_null	2025-01-18 23:17:20.718171+00
11	auth	0006_require_contenttypes_0002	2025-01-18 23:17:20.719914+00
12	auth	0007_alter_validators_add_error_messages	2025-01-18 23:17:20.728129+00
13	auth	0008_alter_user_username_max_length	2025-01-18 23:17:20.738075+00
14	auth	0009_alter_user_last_name_max_length	2025-01-18 23:17:20.744587+00
15	auth	0010_alter_group_name_max_length	2025-01-18 23:17:20.752451+00
16	auth	0011_update_proxy_permissions	2025-01-18 23:17:20.758359+00
17	auth	0012_alter_user_first_name_max_length	2025-01-18 23:17:20.765605+00
18	authtoken	0001_initial	2025-01-18 23:17:20.781945+00
19	authtoken	0002_auto_20160226_1747	2025-01-18 23:17:20.80436+00
20	authtoken	0003_tokenproxy	2025-01-18 23:17:20.807174+00
21	authtoken	0004_alter_tokenproxy_options	2025-01-18 23:17:20.811638+00
22	myapp	0001_initial	2025-01-18 23:17:20.882724+00
23	sessions	0001_initial	2025-01-18 23:17:20.896853+00
24	myapp	0002_mensagem_data_criacao_alter_inscrito_email	2025-01-18 23:39:47.531157+00
\.


--
-- Data for Name: django_session; Type: TABLE DATA; Schema: public; Owner: arca_user
--

COPY public.django_session (session_key, session_data, expire_date) FROM stdin;
05fii0gzrx7vx2xxc5a0jbpwj7cyknfm	.eJxVjDsOwjAQBe_iGln2ev2jpOcM1vqHA8iR4qRC3B0ipYD2zcx7sUDb2sI2yhKmzM5MstPvFik9St9BvlO_zTzNfV2myHeFH3Tw65zL83K4fweNRvvW3nmB1RUlAGqqLjsJsupSBYLR6GQWlaJVmSwqUAXRAiVjAWXS3kT2_gDJYzcW:1rwMNu:vHNecsC01UnqHQpGStuCfE_AxY5z3ny8-AcXvudCfZU	2024-04-29 13:28:34.267+00
179uflb74xakk64i5qqej0jvyu8xfeid	.eJxVjDsOwjAQBe_iGln2ev2jpOcM1vqHA8iR4qRC3B0ipYD2zcx7sUDb2sI2yhKmzM5MstPvFik9St9BvlO_zTzNfV2myHeFH3Tw65zL83K4fweNRvvW3nmB1RUlAGqqLjsJsupSBYLR6GQWlaJVmSwqUAXRAiVjAWXS3kT2_gDJYzcW:1s4m93:RafniWOOxB6D3CAGGc9-85vcy0IuJZwIKgDgYGRPZX4	2024-05-22 18:36:01.735+00
1kckq176gzghx31t73zbym7tg3x3p2tu	.eJxVjDsOwjAQBe_iGlm2409CSZ8zWGvvLg4gR4qTCnF3EikFtG9m3ltE2NYSt0ZLnFBchRaX3y1BflI9AD6g3meZ57ouU5KHIk_a5DgjvW6n-3dQoJW9hj45PbiAHtl4Sl1wynBnNA2s0WZG6wA5MPawe5zBA2tSxmBSAa34fAH3-DjA:1r15vh:rMujT3eqFKRb1pyCgS6ysQPMUgX4BCmJYuKvJ1xIqF8	2023-11-23 14:22:45.04+00
2hdwuf8ek3vsremjn6sxelk5y10g8713	.eJxVjDsOwjAQBe_iGlm2409CSZ8zWGvvLg4gR4qTCnF3EikFtG9m3ltE2NYSt0ZLnFBchRaX3y1BflI9AD6g3meZ57ouU5KHIk_a5DgjvW6n-3dQoJW9hj45PbiAHtl4Sl1wynBnNA2s0WZG6wA5MPawe5zBA2tSxmBSAa34fAH3-DjA:1rAyZa:a1Ag7kDTLJFv1D79zJIHg1Y-5F2IHt7AYzwpiyH-kSk	2023-12-20 20:32:46.964+00
7b0yz1n3gpo0kwaciyflok9gmx96am0a	.eJxVjDsOwjAQBe_iGln2ev2jpOcM1vqHA8iR4qRC3B0ipYD2zcx7sUDb2sI2yhKmzM5MstPvFik9St9BvlO_zTzNfV2myHeFH3Tw65zL83K4fweNRvvW3nmB1RUlAGqqLjsJsupSBYLR6GQWlaJVmSwqUAXRAiVjAWXS3kT2_gDJYzcW:1sPydP:HL2vBt_ZSROgYaDInvajqD-4ZgHKKadb4jJq3LSCabw	2024-07-20 06:10:59.7+00
9txr07tz71lm7llgnipbq1tocgim64jd	.eJxVjDsOwjAQBe_iGln2ev2jpOcM1vqHA8iR4qRC3B0ipYD2zcx7sUDb2sI2yhKmzM5MstPvFik9St9BvlO_zTzNfV2myHeFH3Tw65zL83K4fweNRvvW3nmB1RUlAGqqLjsJsupSBYLR6GQWlaJVmSwqUAXRAiVjAWXS3kT2_gDJYzcW:1sKMlm:5H7PSuc9ivreOSUGgOjkklAqvUtPFMY0-xkrsTCRvb0	2024-07-04 18:44:26.93+00
af087t78yfd9ccxfsgtvfskmj3hiy5o9	.eJxVjDsOwjAQBe_iGln2ev2jpOcM1vqHA8iR4qRC3B0ipYD2zcx7sUDb2sI2yhKmzM5MstPvFik9St9BvlO_zTzNfV2myHeFH3Tw65zL83K4fweNRvvW3nmB1RUlAGqqLjsJsupSBYLR6GQWlaJVmSwqUAXRAiVjAWXS3kT2_gDJYzcW:1sEGOx:0ZrBd2XDD4dVrhmjkcLJnqbMCtyLOiGj9jW40geMzEo	2024-06-17 22:43:39.105+00
aioijxvmp48yqu3ydc72yvd91vly7g0o	.eJxVjDsOwjAQBe_iGlm2409CSZ8zWGvvLg4gR4qTCnF3EikFtG9m3ltE2NYSt0ZLnFBchRaX3y1BflI9AD6g3meZ57ouU5KHIk_a5DgjvW6n-3dQoJW9hj45PbiAHtl4Sl1wynBnNA2s0WZG6wA5MPawe5zBA2tSxmBSAa34fAH3-DjA:1rTaF8:QjK4i99AYllY4KPuzS5FuF2k2mKQKndwTeZhj4d4FAI	2024-02-10 04:24:34.238+00
bf5yt9vclcpr2w7uur5eihx040c80uow	.eJxVjDsOwjAQBe_iGlm2409CSZ8zWGvvLg4gR4qTCnF3EikFtG9m3ltE2NYSt0ZLnFBchRaX3y1BflI9AD6g3meZ57ouU5KHIk_a5DgjvW6n-3dQoJW9hj45PbiAHtl4Sl1wynBnNA2s0WZG6wA5MPawe5zBA2tSxmBSAa34fAH3-DjA:1riIoo:gJfLNtiZL6g8ONF7cALQjmIAcHN5l8BhcKYlPURoOEc	2024-03-21 18:50:14.387+00
dzjn1ycgs47c4scn766yh7fhavgqjbn5	.eJxVjDsOwjAQBe_iGln2ev2jpOcM1vqHA8iR4qRC3B0ipYD2zcx7sUDb2sI2yhKmzM5MstPvFik9St9BvlO_zTzNfV2myHeFH3Tw65zL83K4fweNRvvW3nmB1RUlAGqqLjsJsupSBYLR6GQWlaJVmSwqUAXRAiVjAWXS3kT2_gDJYzcW:1tYAaB:NLkbErb1AU5e1mgM4Ea91GN9iziyZu0zg9LFSotMJKA	2025-01-29 21:05:47.905+00
fj75mkeg08pcv7v7dpzdjsjzcf42e5l0	.eJxVjDsOwjAQBe_iGlm2409CSZ8zWGvvLg4gR4qTCnF3EikFtG9m3ltE2NYSt0ZLnFBchRaX3y1BflI9AD6g3meZ57ouU5KHIk_a5DgjvW6n-3dQoJW9hj45PbiAHtl4Sl1wynBnNA2s0WZG6wA5MPawe5zBA2tSxmBSAa34fAH3-DjA:1rap4q:h2vxeKQiKnBmg4md7al-4llAtTDPPr9ne1aeFZpU0cE	2024-03-01 03:39:52.609+00
fvbm4w6n1e2jbrmauul6jk4erb5ze01n	.eJxVjDsOwjAQBe_iGln2ev2jpOcM1vqHA8iR4qRC3B0ipYD2zcx7sUDb2sI2yhKmzM5MstPvFik9St9BvlO_zTzNfV2myHeFH3Tw65zL83K4fweNRvvW3nmB1RUlAGqqLjsJsupSBYLR6GQWlaJVmSwqUAXRAiVjAWXS3kT2_gDJYzcW:1rtdAa:ozrh219V_JUPWMStq88_j64FZxP8zzcJ4qESxUo78qE	2024-04-22 00:47:32.099+00
jon9mvtdjio3wxz1d3yvo0kk5skex3mw	.eJxVjDsOwjAQBe_iGlm2409CSZ8zWGvvLg4gR4qTCnF3EikFtG9m3ltE2NYSt0ZLnFBchRaX3y1BflI9AD6g3meZ57ouU5KHIk_a5DgjvW6n-3dQoJW9hj45PbiAHtl4Sl1wynBnNA2s0WZG6wA5MPawe5zBA2tSxmBSAa34fAH3-DjA:1rNBGi:O5Qw7FHUrfPlJNHhZ_uYcjeKWgA7I-oD0QNmApqROkc	2024-01-23 12:31:44.347+00
kdv1gbhw0o687sv4pj4gpbcdgreokl6n	.eJxVjDsOwjAQBe_iGln2ev2jpOcM1vqHA8iR4qRC3B0ipYD2zcx7sUDb2sI2yhKmzM5MstPvFik9St9BvlO_zTzNfV2myHeFH3Tw65zL83K4fweNRvvW3nmB1RUlAGqqLjsJsupSBYLR6GQWlaJVmSwqUAXRAiVjAWXS3kT2_gDJYzcW:1rpgI9:ZoPdVwkwZYBlgBVTF3A1l73jhNgbowVzXSXqYbxA8iE	2024-04-11 03:19:01.981+00
mfzlcr3ejmktceup2mb0vfsxguimdelq	.eJxVjDsOwjAQBe_iGln2ev2jpOcM1vqHA8iR4qRC3B0ipYD2zcx7sUDb2sI2yhKmzM5MstPvFik9St9BvlO_zTzNfV2myHeFH3Tw65zL83K4fweNRvvW3nmB1RUlAGqqLjsJsupSBYLR6GQWlaJVmSwqUAXRAiVjAWXS3kT2_gDJYzcW:1rzNcr:Xwy8CaGdJesWr40kJ7QRKtL_Pfvvk_Qtvp_3osGlrOE	2024-05-07 21:24:29.527+00
mr9an48rcw3uxpg0anbbsxbtfaagst25	.eJxVjDsOwjAQBe_iGln2ev2jpOcM1vqHA8iR4qRC3B0ipYD2zcx7sUDb2sI2yhKmzM5MstPvFik9St9BvlO_zTzNfV2myHeFH3Tw65zL83K4fweNRvvW3nmB1RUlAGqqLjsJsupSBYLR6GQWlaJVmSwqUAXRAiVjAWXS3kT2_gDJYzcW:1sHnPv:4695-YEEsGRMbuGdnJVDS5hzMcV17z4BCaJv10REjnY	2024-06-27 16:35:15.211+00
nbs3o6eiol02jwmttcin8dpneb9bmxie	.eJxVjDsOwjAQBe_iGln2ev2jpOcM1vqHA8iR4qRC3B0ipYD2zcx7sUDb2sI2yhKmzM5MstPvFik9St9BvlO_zTzNfV2myHeFH3Tw65zL83K4fweNRvvW3nmB1RUlAGqqLjsJsupSBYLR6GQWlaJVmSwqUAXRAiVjAWXS3kT2_gDJYzcW:1sOl1W:SSL763OGAjJUNqjYOrgvEuielIrcqFV4scyb_j6_H-c	2024-07-16 21:26:50.121+00
pzb2wq9ooj7c8xh4zzju277zrjqczfr2	.eJxVjDsOwjAQBe_iGlm2409CSZ8zWGvvLg4gR4qTCnF3EikFtG9m3ltE2NYSt0ZLnFBchRaX3y1BflI9AD6g3meZ57ouU5KHIk_a5DgjvW6n-3dQoJW9hj45PbiAHtl4Sl1wynBnNA2s0WZG6wA5MPawe5zBA2tSxmBSAa34fAH3-DjA:1rcWVK:U1Y0H3yYoYXkMzW-i3tbDU71Q2E1xi6mMLDGtwuik9w	2024-03-05 20:14:14.922+00
qg5gdu5t32mlgxztykgd5gujp6ertk5e	.eJxVjDsOwjAQBe_iGln2ev2jpOcM1vqHA8iR4qRC3B0ipYD2zcx7sUDb2sI2yhKmzM5MstPvFik9St9BvlO_zTzNfV2myHeFH3Tw65zL83K4fweNRvvW3nmB1RUlAGqqLjsJsupSBYLR6GQWlaJVmSwqUAXRAiVjAWXS3kT2_gDJYzcW:1rrnC2:8dsV2eq9ENllaTUkCWmyYg2Fh2aB-StmXq0SUIH0tIY	2024-04-16 23:05:26.129+00
qm6tcedbzlkhiuiguozu30gsy2y8t9nh	.eJxVjDsOwjAQBe_iGln2ev2jpOcM1vqHA8iR4qRC3B0ipYD2zcx7sUDb2sI2yhKmzM5MstPvFik9St9BvlO_zTzNfV2myHeFH3Tw65zL83K4fweNRvvW3nmB1RUlAGqqLjsJsupSBYLR6GQWlaJVmSwqUAXRAiVjAWXS3kT2_gDJYzcW:1tE7Mm:t_MGaJj_rXupX3yzFZW3qna885Dkv5X0Zgyz97tDKS8	2024-12-05 13:37:04.381+00
r2ivc7awj6rp442pjskfl9cz8nv0faov	.eJxVjDsOwjAQBe_iGlm2409CSZ8zWGvvLg4gR4qTCnF3EikFtG9m3ltE2NYSt0ZLnFBchRaX3y1BflI9AD6g3meZ57ouU5KHIk_a5DgjvW6n-3dQoJW9hj45PbiAHtl4Sl1wynBnNA2s0WZG6wA5MPawe5zBA2tSxmBSAa34fAH3-DjA:1rAxEw:Z5ww0ibZ14zgElS38Lv4A4O5g4b46d26EsBhVzZWNU8	2023-12-20 19:07:22.92+00
refx6ca979z0wjd24mv6gy33wktt0gbz	.eJxVjDsOwjAQBe_iGln2ev2jpOcM1vqHA8iR4qRC3B0ipYD2zcx7sUDb2sI2yhKmzM5MstPvFik9St9BvlO_zTzNfV2myHeFH3Tw65zL83K4fweNRvvW3nmB1RUlAGqqLjsJsupSBYLR6GQWlaJVmSwqUAXRAiVjAWXS3kT2_gDJYzcW:1sPuBp:qaHtwU8v7dHtRt1DovLlcIIknv6Xs-Wa6zk9JKKzCmg	2024-07-20 01:26:13.475+00
v8rttmdukhflt8a6zmep89dt01se13pz	.eJxVjDsOwjAQBe_iGlm2409CSZ8zWGvvLg4gR4qTCnF3EikFtG9m3ltE2NYSt0ZLnFBchRaX3y1BflI9AD6g3meZ57ouU5KHIk_a5DgjvW6n-3dQoJW9hj45PbiAHtl4Sl1wynBnNA2s0WZG6wA5MPawe5zBA2tSxmBSAa34fAH3-DjA:1rOPFU:FLDzHJAUyY_s_wQkrpc-DWmSC30FNBhM-M16FMtJIjY	2024-01-26 21:39:32.196+00
yh02ox2wc21miie3ht5ikz4dp99s2p97	.eJxVjDsOwjAQBe_iGln2ev2jpOcM1vqHA8iR4qRC3B0ipYD2zcx7sUDb2sI2yhKmzM5MstPvFik9St9BvlO_zTzNfV2myHeFH3Tw65zL83K4fweNRvvW3nmB1RUlAGqqLjsJsupSBYLR6GQWlaJVmSwqUAXRAiVjAWXS3kT2_gDJYzcW:1s9tFJ:XbqthGiIto0WsRW01KQ3gl9eQUgf7En2ihtbL-3najs	2024-06-05 21:11:37.617+00
yo0y9ulrhbqe87a5fzzpd79rlxvjwqfl	.eJxVjDsOwjAQBe_iGln2ev2jpOcM1vqHA8iR4qRC3B0ipYD2zcx7sUDb2sI2yhKmzM5MstPvFik9St9BvlO_zTzNfV2myHeFH3Tw65zL83K4fweNRvvW3nmB1RUlAGqqLjsJsupSBYLR6GQWlaJVmSwqUAXRAiVjAWXS3kT2_gDJYzcW:1ruFnx:AbwnEpi7V-4Ltj8vD4vYWXLqbRCWx0swKbdsehjOmF0	2024-04-23 18:02:45.608+00
yxhie00unh6l1vn04p8x1qhdkh1a92fa	.eJxVjDsOwjAQBe_iGln2ev2jpOcM1vqHA8iR4qRC3B0ipYD2zcx7sUDb2sI2yhKmzM5MstPvFik9St9BvlO_zTzNfV2myHeFH3Tw65zL83K4fweNRvvW3nmB1RUlAGqqLjsJsupSBYLR6GQWlaJVmSwqUAXRAiVjAWXS3kT2_gDJYzcW:1rrk4e:H83F60rZHAPUDna3Q1f6ZQiHlofmaBK48QRJrmhflF8	2024-04-16 19:45:36.873+00
hmrk9d333jyz0bxrocmhuh8rkyoy8bek	.eJxVjDsOwjAQBe_iGln2ev2jpOcM1vqHA8iR4qRC3B0ipYD2zcx7sUDb2sI2yhKmzM5MstPvFik9St9BvlO_zTzNfV2myHeFH3Tw65zL83K4fweNRvvW3nmB1RUlAGqqLjsJsupSBYLR6GQWlaJVmSwqUAXRAiVjAWXS3kT2_gDJYzcW:1tZILF:iB3mPQl4imuWIS7SJpef5Yd3vhn3Sw38ny3CB4IqoYw	2025-02-01 23:35:01.702552+00
\.


--
-- Data for Name: myapp_atividade; Type: TABLE DATA; Schema: public; Owner: arca_user
--

COPY public.myapp_atividade (id, titulo, descricao, data) FROM stdin;
1	Arca do Cerrado	<p>Desenvolvimento&nbsp;</p>	2024-01-27
2	Trabalho	<p>Trabalhar</p>	2024-01-27
3	Reunião Site	<p>Reuni&atilde;o para discutirmos sobre o andamento do site</p>	2024-02-13
4	Entrega do site	<p>Entrega do site finalizado da Arca do Cerrado</p>	2024-03-31
\.


--
-- Data for Name: myapp_atividade_autores_equipe; Type: TABLE DATA; Schema: public; Owner: arca_user
--

COPY public.myapp_atividade_autores_equipe (id, atividade_id, equipe_id) FROM stdin;
1	1	1
2	2	1
3	3	1
4	4	1
\.


--
-- Data for Name: myapp_configuracao; Type: TABLE DATA; Schema: public; Owner: arca_user
--

COPY public.myapp_configuracao (id, mostrar_agenda) FROM stdin;
4	t
\.


--
-- Data for Name: myapp_coordenadaplanta; Type: TABLE DATA; Schema: public; Owner: arca_user
--

COPY public.myapp_coordenadaplanta (id, posicao_x, posicao_y, planta_id) FROM stdin;
1	0	0	6
2	0	1	6
3	1	0	6
4	10	37	9
5	15	36	9
6	40	27	7
\.


--
-- Data for Name: myapp_equipe; Type: TABLE DATA; Schema: public; Owner: arca_user
--

COPY public.myapp_equipe (id, nome, imagem, cargo, biografia, link) FROM stdin;
1	João Otávio Langer de Moraes	imagens_equipe/eu_7.jpeg	Membro	<p>Estudante de Ci&ecirc;ncia da Computa&ccedil;&atilde;o na UFSCar e entusiasta de programa&ccedil;&atilde;o em C e C++, sou apaixonado por explorar as infinitas possibilidades da tecnologia. Atualmente, sou membro ativo em dois grupos, o Programa de Educa&ccedil;&atilde;o Tutorial (PET) e a SECOMP &nbsp;onde aprimoro minhas habilidades de comunica&ccedil;&atilde;o e colabora&ccedil;&atilde;o em equipe. Sou conhecido por minha proatividade e disposi&ccedil;&atilde;o para enfrentar novos desafios, sempre em busca de experi&ecirc;ncias que ampliem meu conhecimento e meu crescimento profissional. Estou em constante aprendizado e sempre pronto para contribuir com solu&ccedil;&otilde;es inovadoras.</p>	https://www.linkedin.com/in/jo%C3%A3o-ot%C3%A1vio-langer-de-moraes-86ab5a279?lipi=urn%3Ali%3Apage%3Ad_flagship3_profile_view_base_contact_details%3B7TDGRiqwSSmxwseMaEXjIA%3D%3D
3	Maurício Fernandes Figueiredo	imagens_equipe/mauricio.jpg	Coordenador	<p>Possui gradua&ccedil;&atilde;o em Engenharia Eletr&ocirc;nica pelo Instituto Tecnol&oacute;gico de Aeron&aacute;utica (1988), mestrado (1991) e doutorado (1997) ambos em Engenharia El&eacute;trica pela Universidade Estadual de Campinas. No per&iacute;odo de 1998 a 2006 fez parte do corpo docente do Departamento de Inform&aacute;tica da Universidade Estadual de Maring&aacute;. Atualmente &eacute; professor adjunto da Universidade Federal de S&atilde;o Carlos. Seu trabalho de pesquisa est&aacute; inserido na grande &aacute;rea de Intelig&ecirc;ncia Artificial, com foco em Sistemas Aut&ocirc;nomos Inteligentes. Dentre os principais t&oacute;picos envolvidos est&atilde;o: navega&ccedil;&atilde;o aut&ocirc;noma de rob&ocirc;s, aprendizagem por refor&ccedil;o, t&eacute;cnicas de intelig&ecirc;ncia computacional bio-inspirada (redes neurais, sistemas evolutivos, intelig&ecirc;ncia coletiva), sistemas nebulosos, sistemas din&acirc;micos e controle aut&ocirc;nomo.</p>	http://lattes.cnpq.br/4514898499279696
\.


--
-- Data for Name: myapp_imagemplanta; Type: TABLE DATA; Schema: public; Owner: arca_user
--

COPY public.myapp_imagemplanta (id, imagem, descricao, tags, planta_id) FROM stdin;
8	imagens_plantas/humile_rama.jpg	\N	vermelho, pequeno, teste	6
9	imagens_plantas/humile.jpg	\N	\N	6
10	imagens_plantas/humile_rama2.jpg	\N	\N	6
11	imagens_plantas/humile2.jpg	\N	\N	6
12	imagens_plantas/nanum.jpg	\N	\N	6
13	imagens_plantas/nanum2.jpg	\N	\N	6
14	imagens_plantas/nanum3.jpg	\N	\N	6
15	imagens_plantas/nanum4.jpg	\N	\N	6
16	imagens_plantas/barba_de_bode_espécie_no_Pomar.jpg	\N	\N	7
17	imagens_plantas/capim_barba_de_bode_espécie_brotando_no_Pomar_a_partir_de_plantio_direto_wHT4U3P.jpg	\N	\N	7
18	imagens_plantas/capim_barba_de_bode_espécie_no_Cerrado.jpg	\N	\N	7
19	imagens_plantas/capim_barba_de_bode_espécie_no_Pomar_detalhe_das_flores.jpg	\N	\N	7
20	imagens_plantas/capim_barba_de_bode_espécie_no_Pomar-2.jpg	\N	\N	7
21	imagens_plantas/capim_barba_de_bode_espécie_no_Pomar-3.jpg	\N	\N	7
22	imagens_plantas/Marmelinho.jpg	\N	\N	8
23	imagens_plantas/marmelinho_espécie_no_cerrado_-_detalhe_fruto.jpg	\N	\N	8
24	imagens_plantas/marmelinho_espécie_no_cerrado.jpg	\N	\N	8
25	imagens_plantas/marmelinho_espécie_no_cerrado-detalhe_flor.jpg	\N	\N	8
26	imagens_plantas/marmelinho_espécie_no_Pomar-fruto_maduro.jpg	\N	\N	8
27	imagens_plantas/marmelinho_sementes.jpg	\N	\N	8
28	imagens_plantas/marmelinho-4.jpg	\N	\N	8
29	imagens_plantas/trepadeira_flor_grena_flores_da_espécie_no_Cerrado.jpeg	\N	\N	9
30	imagens_plantas/trepadeira_flor_grena_flores_da_espécie_no_Pomar.jpeg	\N	\N	9
31	imagens_plantas/trepadeira_flor_grena_frutos_da_espécie_no_Cerrado.jpeg	\N	\N	9
32	imagens_plantas/trepadeira_flor_grena_mudas.jpeg	\N	\N	9
33	imagens_plantas/trepadeira_flor_grena_sementes_prontas_para_plantio.jpeg	\N	\N	9
34	imagens_plantas/trepadeira_flor_grena_sementes_prontas_para_plantio-2.jpeg	\N	\N	9
\.


--
-- Data for Name: myapp_inscrito; Type: TABLE DATA; Schema: public; Owner: arca_user
--

COPY public.myapp_inscrito (id, nome, email, created_at) FROM stdin;
\.


--
-- Data for Name: myapp_mensagem; Type: TABLE DATA; Schema: public; Owner: arca_user
--

COPY public.myapp_mensagem (id, email, assunto, mensagem, data_criacao) FROM stdin;
4	joaolangerm@gmail.com	Bom dia	TResre	2025-01-19 16:56:43.323889+00
\.


--
-- Data for Name: myapp_planta; Type: TABLE DATA; Schema: public; Owner: arca_user
--

COPY public.myapp_planta (id, apelido, nome_cientifico, resumo, texto) FROM stdin;
6	ACAJU-PEVA	Anacardium nanum	<p>O caju no Cerrado, conhecido como arbusto, apresenta desafios na produ&ccedil;&atilde;o de mudas devido &agrave; baixa forma&ccedil;&atilde;o de frutos.&nbsp;</p>	<p><span style="color:#000000">A esp&eacute;cie de caju que ocorre no Cerrado n&atilde;o &eacute; uma &aacute;rvore, como &eacute; mais conhecido, e sim um arbusto.</span></p>\r\n\r\n<p><span style="color:#000000">A muda de caju que temos no Pomar n&atilde;o foi t&atilde;o f&aacute;cil de fazer, pois muitas&nbsp; vezes que visitamos os esp&eacute;cimes que conhecemos, descobrimos que os frutos n&atilde;o chegaram a se desenvolver a partir das flores.</span></p>\r\n\r\n<p><span style="color:#000000">Nosso caju pode ser o </span><span style="color:#000000"><em>Anacardium nanum</em></span><span style="color:#000000"> ou o</span><span style="color:#000000"><em> Anacardium humile</em></span><span style="color:#000000">, pois ambos ocorrem no fragmento de Cerrado onde fica a Ufscar.</span></p>\r\n\r\n<p><span style="color:#000000">Coletamos as sementes em outubro de 2017 e plantamos a muda em abril de 2018. S&oacute; resolveremos esse impasse quando ele der frutos, pois a principal diferen&ccedil;a entre as esp&eacute;cies &eacute; a cor do fruto: o do </span><span style="color:#000000"><em>humile </em></span><span style="color:#000000">&eacute; vermelho e o do </span><span style="color:#000000"><em>nanum </em></span><span style="color:#000000">&eacute; amarelo.</span></p>\r\n\r\n<p><span style="color:#000000">O </span><span style="color:#000000"><em>humile </em></span><span style="color:#000000">tamb&eacute;m tem h&aacute;bito arbustivo (ficando um pouco mais alto) e o </span><span style="color:#000000"><em>nanum </em></span><span style="color:#000000">tem h&aacute;bito rasteiro.[1]</span></p>\r\n\r\n<p><span style="color:#000000">Ambos t&ecirc;m o caule subterr&acirc;neo, n&atilde;o ficando aparente.</span></p>
7	Capim barba-de-bode	Aristida jubata (Arechav.) Herter	<p>O capim-barba-de-bode exibe cores variadas em diferentes &eacute;pocas do ano e suas sementes t&ecirc;m uma estrutura peculiar para dispers&atilde;o.</p>	<p><span style="color:#000000">O capim-barba-de-bode &eacute; lindo!&nbsp;</span></p>\r\n\r\n<p><span style="color:#000000">Dependendo da &eacute;poca do ano, as touceiras exibem as cores verde, lil&aacute;s e prata. Quando as sementes come&ccedil;am a secar, as hastes ficam douradas.</span></p>\r\n\r\n<p><span style="color:#000000">As sementes t&ecirc;m um formato muito peculiar, com tr&ecirc;s estruturas que se parecem grandes fios de cabelo que talvez sirvam tanto para dispers&atilde;o pelo vento quanto por ader&ecirc;ncia.</span></p>\r\n\r\n<p><span style="color:#000000">Os primeiros que tivemos foram transplantados de uma encosta em uma regi&atilde;o pr&oacute;xima. Nossas tentativas de plantar sementes que coletamos no fragmento gerando mudas n&atilde;o deram certo, pois, embora tenham germinado, n&atilde;o tivemos sucesso no transplante.&nbsp;</span></p>\r\n\r\n<p><span style="color:#000000">Depois, foram brotando v&aacute;rios em meio ao Pomar a partir das sementes que o vento espalhou. Tamb&eacute;m temos semeado ao longo dos limites da &aacute;rea e, a seu tempo, elas est&atilde;o brotando. &Eacute; uma das esp&eacute;cies de gram&iacute;neas que pretendemos cultivar.</span></p>\r\n\r\n<p><span style="color:#000000">Em nossas pesquisas, descobrimos que existem v&aacute;rias esp&eacute;cies do mesmo g&ecirc;nero (</span><span style="color:#000000"><em>Aristida</em></span><span style="color:#000000">).</span></p>\r\n\r\n<p>&nbsp;</p>
8	Marmelinho-do-Cerrado	Cordiera elliptica (Cham.) Kuntze	<p>Duas &aacute;rvores de ameixa-do-cerrado foram plantadas em 2015 no Pomar da UFSCar, uma delas &eacute; do sexo masculino e a outra do sexo feminino, sendo uma esp&eacute;cie rara na regi&atilde;o do Cerrado.</p>	<p><span style="color:#000000">Esta &eacute; uma das 16&nbsp; primeiras esp&eacute;cies que plantamos na inaugura&ccedil;&atilde;o do Pomar, em maio de 2015! O Mauricio tinha feito a muda provavelmente em 2014. Ele a chamava de ameixa-do-cerrado, devido ao seu sabor doce e sua textura muito parecida &agrave; da ameixa.&nbsp;</span></p>\r\n\r\n<p><span style="color:#000000">Temos no Pomar dois esp&eacute;cimes, sendo que um deles nunca deu frutos. Descobrimos recentemente que suas flores - pequeninas e delicadas - s&atilde;o unissexuais e ela &eacute; uma esp&eacute;cie dioica (cada indiv&iacute;duo tem apenas um tipo de flor). Portanto, por uma sorte inexplic&aacute;vel, temos um masculino e outro feminino!</span></p>\r\n\r\n<p><span style="color:#000000">Sua ocorr&ecirc;ncia no fragmento de Cerrado onde fica a Ufscar &eacute; muito rara.</span></p>\r\n\r\n<p>&nbsp;</p>
9	Trepadeira de flor grená	Temnadenia violacea (Vell.) Miers	<p>No Pomar da UFSCar, plantamos em 2015 a ameixa-do-cerrado, com dois esp&eacute;cimes, sendo uma esp&eacute;cie rara devido &agrave; sua caracter&iacute;stica dioica, com um indiv&iacute;duo masculino e outro feminino.</p>	<p><span style="color:#000000">Esta &eacute; uma das 16&nbsp; primeiras esp&eacute;cies que plantamos na inaugura&ccedil;&atilde;o do Pomar, em maio de 2015! O Mauricio tinha feito a muda provavelmente em 2014. Ele a chamava de ameixa-do-cerrado, devido ao seu sabor doce e sua textura muito parecida &agrave; da ameixa.&nbsp;</span></p>\r\n\r\n<p><span style="color:#000000">Temos no Pomar dois esp&eacute;cimes, sendo que um deles nunca deu frutos. Descobrimos recentemente que suas flores - pequeninas e delicadas - s&atilde;o unissexuais e ela &eacute; uma esp&eacute;cie dioica (cada indiv&iacute;duo tem apenas um tipo de flor). Portanto, por uma sorte inexplic&aacute;vel, temos um masculino e outro feminino!</span></p>\r\n\r\n<p><span style="color:#000000">Sua ocorr&ecirc;ncia no fragmento de Cerrado onde fica a Ufscar &eacute; muito rara.</span></p>\r\n\r\n<p>&nbsp;</p>
\.


--
-- Data for Name: myapp_postagem; Type: TABLE DATA; Schema: public; Owner: arca_user
--

COPY public.myapp_postagem (id, titulo, imagem, conteudo, data, link, autor_equipe_id) FROM stdin;
15	Visita da Escola	imagens_postagens/IMAGEM_VISITA_CRIANÇAS.jpg	<p>A Escola Prim&aacute;ria Florescer est&aacute; animada para explorar a biodiversidade &uacute;nica do Cerrado em uma visita &agrave; Arca do Cerrado, um projeto inovador da UFSCar que preserva e promove a valoriza&ccedil;&atilde;o desse ecossistema singular. Guiados por especialistas em bot&acirc;nica e conserva&ccedil;&atilde;o, os alunos ter&atilde;o a oportunidade de mergulhar em um ambiente natural rico em esp&eacute;cies vegetais end&ecirc;micas e aprender sobre a import&acirc;ncia da preserva&ccedil;&atilde;o desse bioma crucial para o equil&iacute;brio ecol&oacute;gico. Durante a visita, os estudantes poder&atilde;o participar de atividades pr&aacute;ticas, como identifica&ccedil;&atilde;o de plantas e coleta de sementes, enquanto absorvem conhecimentos sobre a intera&ccedil;&atilde;o entre as diferentes formas de vida no Cerrado. Esta experi&ecirc;ncia educativa n&atilde;o s&oacute; enriquecer&aacute; o curr&iacute;culo dos alunos, mas tamb&eacute;m os inspirar&aacute; a se tornarem defensores ativos da conserva&ccedil;&atilde;o ambiental em suas comunidades. A Escola Prim&aacute;ria Florescer espera que essa visita estimule a curiosidade e o amor pela natureza em seus alunos, incentivando-os a se tornarem cidad&atilde;os conscientes e engajados em quest&otilde;es ambientais.</p>	2024-01-09	https://www.youtube.com/	\N
16	Oficinas de Jardinagem Sustentável	imagens_postagens/IMAGEM_PANORÂMICA_ATUAL.jpg	<p>As oficinas de jardinagem sustent&aacute;vel oferecidas pelo projeto &quot;Arca do Cerrado&quot; visam capacitar os participantes com habilidades pr&aacute;ticas e conhecimentos te&oacute;ricos sobre o cultivo e a preserva&ccedil;&atilde;o das esp&eacute;cies do Cerrado. Durante as oficinas, os volunt&aacute;rios t&ecirc;m a oportunidade de aprender sobre t&eacute;cnicas de propaga&ccedil;&atilde;o de plantas, manejo do solo, cuidados com a &aacute;gua e pr&aacute;ticas de jardinagem sem uso de agrot&oacute;xicos. Al&eacute;m disso, os participantes s&atilde;o incentivados a refletir sobre a import&acirc;ncia da biodiversidade e da conserva&ccedil;&atilde;o do Cerrado, contribuindo para a conscientiza&ccedil;&atilde;o ambiental da comunidade.</p>	2024-02-28	https://www.youtube.com/	3
17	Trilhas Interpretativas	imagens_postagens/FIGURA_POMAR_ANTIGA.jpg	<p>As trilhas interpretativas oferecidas pelo projeto &quot;Arca do Cerrado&quot; proporcionam uma experi&ecirc;ncia &uacute;nica de imers&atilde;o na biodiversidade do Cerrado. Guiados por volunt&aacute;rios especializados, os visitantes exploram os diferentes ecossistemas do terreno, observando a flora e a fauna caracter&iacute;sticas da regi&atilde;o. Durante o percurso, s&atilde;o apresentadas informa&ccedil;&otilde;es sobre as esp&eacute;cies nativas, seus habitats e a import&acirc;ncia da conserva&ccedil;&atilde;o do Cerrado para o equil&iacute;brio ecol&oacute;gico. As trilhas interpretativas oferecem uma oportunidade educativa e inspiradora para conectar as pessoas com a natureza e promover a valoriza&ccedil;&atilde;o desse bioma t&atilde;o rico e amea&ccedil;ado.</p>	2024-03-04	https://www.youtube.com/	3
\.


--
-- Name: auth_group_id_seq; Type: SEQUENCE SET; Schema: public; Owner: arca_user
--

SELECT pg_catalog.setval('public.auth_group_id_seq', 1, false);


--
-- Name: auth_group_permissions_id_seq; Type: SEQUENCE SET; Schema: public; Owner: arca_user
--

SELECT pg_catalog.setval('public.auth_group_permissions_id_seq', 1, false);


--
-- Name: auth_permission_id_seq; Type: SEQUENCE SET; Schema: public; Owner: arca_user
--

SELECT pg_catalog.setval('public.auth_permission_id_seq', 76, true);


--
-- Name: auth_user_groups_id_seq; Type: SEQUENCE SET; Schema: public; Owner: arca_user
--

SELECT pg_catalog.setval('public.auth_user_groups_id_seq', 1, false);


--
-- Name: auth_user_id_seq; Type: SEQUENCE SET; Schema: public; Owner: arca_user
--

SELECT pg_catalog.setval('public.auth_user_id_seq', 1, true);


--
-- Name: auth_user_user_permissions_id_seq; Type: SEQUENCE SET; Schema: public; Owner: arca_user
--

SELECT pg_catalog.setval('public.auth_user_user_permissions_id_seq', 1, false);


--
-- Name: django_admin_log_id_seq; Type: SEQUENCE SET; Schema: public; Owner: arca_user
--

SELECT pg_catalog.setval('public.django_admin_log_id_seq', 288, true);


--
-- Name: django_content_type_id_seq; Type: SEQUENCE SET; Schema: public; Owner: arca_user
--

SELECT pg_catalog.setval('public.django_content_type_id_seq', 18, true);


--
-- Name: django_migrations_id_seq; Type: SEQUENCE SET; Schema: public; Owner: arca_user
--

SELECT pg_catalog.setval('public.django_migrations_id_seq', 24, true);


--
-- Name: myapp_atividade_autores_equipe_id_seq; Type: SEQUENCE SET; Schema: public; Owner: arca_user
--

SELECT pg_catalog.setval('public.myapp_atividade_autores_equipe_id_seq', 4, true);


--
-- Name: myapp_atividade_id_seq; Type: SEQUENCE SET; Schema: public; Owner: arca_user
--

SELECT pg_catalog.setval('public.myapp_atividade_id_seq', 4, true);


--
-- Name: myapp_configuracao_id_seq; Type: SEQUENCE SET; Schema: public; Owner: arca_user
--

SELECT pg_catalog.setval('public.myapp_configuracao_id_seq', 4, true);


--
-- Name: myapp_coordenadaplanta_id_seq; Type: SEQUENCE SET; Schema: public; Owner: arca_user
--

SELECT pg_catalog.setval('public.myapp_coordenadaplanta_id_seq', 6, true);


--
-- Name: myapp_equipe_id_seq; Type: SEQUENCE SET; Schema: public; Owner: arca_user
--

SELECT pg_catalog.setval('public.myapp_equipe_id_seq', 3, true);


--
-- Name: myapp_imagemplanta_id_seq; Type: SEQUENCE SET; Schema: public; Owner: arca_user
--

SELECT pg_catalog.setval('public.myapp_imagemplanta_id_seq', 34, true);


--
-- Name: myapp_inscrito_id_seq; Type: SEQUENCE SET; Schema: public; Owner: arca_user
--

SELECT pg_catalog.setval('public.myapp_inscrito_id_seq', 11, true);


--
-- Name: myapp_mensagem_id_seq; Type: SEQUENCE SET; Schema: public; Owner: arca_user
--

SELECT pg_catalog.setval('public.myapp_mensagem_id_seq', 4, true);


--
-- Name: myapp_planta_id_seq; Type: SEQUENCE SET; Schema: public; Owner: arca_user
--

SELECT pg_catalog.setval('public.myapp_planta_id_seq', 9, true);


--
-- Name: myapp_postagem_id_seq; Type: SEQUENCE SET; Schema: public; Owner: arca_user
--

SELECT pg_catalog.setval('public.myapp_postagem_id_seq', 17, true);


--
-- Name: auth_group auth_group_name_key; Type: CONSTRAINT; Schema: public; Owner: arca_user
--

ALTER TABLE ONLY public.auth_group
    ADD CONSTRAINT auth_group_name_key UNIQUE (name);


--
-- Name: auth_group_permissions auth_group_permissions_group_id_permission_id_0cd325b0_uniq; Type: CONSTRAINT; Schema: public; Owner: arca_user
--

ALTER TABLE ONLY public.auth_group_permissions
    ADD CONSTRAINT auth_group_permissions_group_id_permission_id_0cd325b0_uniq UNIQUE (group_id, permission_id);


--
-- Name: auth_group_permissions auth_group_permissions_pkey; Type: CONSTRAINT; Schema: public; Owner: arca_user
--

ALTER TABLE ONLY public.auth_group_permissions
    ADD CONSTRAINT auth_group_permissions_pkey PRIMARY KEY (id);


--
-- Name: auth_group auth_group_pkey; Type: CONSTRAINT; Schema: public; Owner: arca_user
--

ALTER TABLE ONLY public.auth_group
    ADD CONSTRAINT auth_group_pkey PRIMARY KEY (id);


--
-- Name: auth_permission auth_permission_content_type_id_codename_01ab375a_uniq; Type: CONSTRAINT; Schema: public; Owner: arca_user
--

ALTER TABLE ONLY public.auth_permission
    ADD CONSTRAINT auth_permission_content_type_id_codename_01ab375a_uniq UNIQUE (content_type_id, codename);


--
-- Name: auth_permission auth_permission_pkey; Type: CONSTRAINT; Schema: public; Owner: arca_user
--

ALTER TABLE ONLY public.auth_permission
    ADD CONSTRAINT auth_permission_pkey PRIMARY KEY (id);


--
-- Name: auth_user_groups auth_user_groups_pkey; Type: CONSTRAINT; Schema: public; Owner: arca_user
--

ALTER TABLE ONLY public.auth_user_groups
    ADD CONSTRAINT auth_user_groups_pkey PRIMARY KEY (id);


--
-- Name: auth_user_groups auth_user_groups_user_id_group_id_94350c0c_uniq; Type: CONSTRAINT; Schema: public; Owner: arca_user
--

ALTER TABLE ONLY public.auth_user_groups
    ADD CONSTRAINT auth_user_groups_user_id_group_id_94350c0c_uniq UNIQUE (user_id, group_id);


--
-- Name: auth_user auth_user_pkey; Type: CONSTRAINT; Schema: public; Owner: arca_user
--

ALTER TABLE ONLY public.auth_user
    ADD CONSTRAINT auth_user_pkey PRIMARY KEY (id);


--
-- Name: auth_user_user_permissions auth_user_user_permissions_pkey; Type: CONSTRAINT; Schema: public; Owner: arca_user
--

ALTER TABLE ONLY public.auth_user_user_permissions
    ADD CONSTRAINT auth_user_user_permissions_pkey PRIMARY KEY (id);


--
-- Name: auth_user_user_permissions auth_user_user_permissions_user_id_permission_id_14a6b632_uniq; Type: CONSTRAINT; Schema: public; Owner: arca_user
--

ALTER TABLE ONLY public.auth_user_user_permissions
    ADD CONSTRAINT auth_user_user_permissions_user_id_permission_id_14a6b632_uniq UNIQUE (user_id, permission_id);


--
-- Name: auth_user auth_user_username_key; Type: CONSTRAINT; Schema: public; Owner: arca_user
--

ALTER TABLE ONLY public.auth_user
    ADD CONSTRAINT auth_user_username_key UNIQUE (username);


--
-- Name: authtoken_token authtoken_token_pkey; Type: CONSTRAINT; Schema: public; Owner: arca_user
--

ALTER TABLE ONLY public.authtoken_token
    ADD CONSTRAINT authtoken_token_pkey PRIMARY KEY (key);


--
-- Name: authtoken_token authtoken_token_user_id_key; Type: CONSTRAINT; Schema: public; Owner: arca_user
--

ALTER TABLE ONLY public.authtoken_token
    ADD CONSTRAINT authtoken_token_user_id_key UNIQUE (user_id);


--
-- Name: django_admin_log django_admin_log_pkey; Type: CONSTRAINT; Schema: public; Owner: arca_user
--

ALTER TABLE ONLY public.django_admin_log
    ADD CONSTRAINT django_admin_log_pkey PRIMARY KEY (id);


--
-- Name: django_content_type django_content_type_app_label_model_76bd3d3b_uniq; Type: CONSTRAINT; Schema: public; Owner: arca_user
--

ALTER TABLE ONLY public.django_content_type
    ADD CONSTRAINT django_content_type_app_label_model_76bd3d3b_uniq UNIQUE (app_label, model);


--
-- Name: django_content_type django_content_type_pkey; Type: CONSTRAINT; Schema: public; Owner: arca_user
--

ALTER TABLE ONLY public.django_content_type
    ADD CONSTRAINT django_content_type_pkey PRIMARY KEY (id);


--
-- Name: django_migrations django_migrations_pkey; Type: CONSTRAINT; Schema: public; Owner: arca_user
--

ALTER TABLE ONLY public.django_migrations
    ADD CONSTRAINT django_migrations_pkey PRIMARY KEY (id);


--
-- Name: django_session django_session_pkey; Type: CONSTRAINT; Schema: public; Owner: arca_user
--

ALTER TABLE ONLY public.django_session
    ADD CONSTRAINT django_session_pkey PRIMARY KEY (session_key);


--
-- Name: myapp_atividade_autores_equipe myapp_atividade_autores__atividade_id_equipe_id_e4b83d9c_uniq; Type: CONSTRAINT; Schema: public; Owner: arca_user
--

ALTER TABLE ONLY public.myapp_atividade_autores_equipe
    ADD CONSTRAINT myapp_atividade_autores__atividade_id_equipe_id_e4b83d9c_uniq UNIQUE (atividade_id, equipe_id);


--
-- Name: myapp_atividade_autores_equipe myapp_atividade_autores_equipe_pkey; Type: CONSTRAINT; Schema: public; Owner: arca_user
--

ALTER TABLE ONLY public.myapp_atividade_autores_equipe
    ADD CONSTRAINT myapp_atividade_autores_equipe_pkey PRIMARY KEY (id);


--
-- Name: myapp_atividade myapp_atividade_pkey; Type: CONSTRAINT; Schema: public; Owner: arca_user
--

ALTER TABLE ONLY public.myapp_atividade
    ADD CONSTRAINT myapp_atividade_pkey PRIMARY KEY (id);


--
-- Name: myapp_configuracao myapp_configuracao_pkey; Type: CONSTRAINT; Schema: public; Owner: arca_user
--

ALTER TABLE ONLY public.myapp_configuracao
    ADD CONSTRAINT myapp_configuracao_pkey PRIMARY KEY (id);


--
-- Name: myapp_coordenadaplanta myapp_coordenadaplanta_pkey; Type: CONSTRAINT; Schema: public; Owner: arca_user
--

ALTER TABLE ONLY public.myapp_coordenadaplanta
    ADD CONSTRAINT myapp_coordenadaplanta_pkey PRIMARY KEY (id);


--
-- Name: myapp_equipe myapp_equipe_pkey; Type: CONSTRAINT; Schema: public; Owner: arca_user
--

ALTER TABLE ONLY public.myapp_equipe
    ADD CONSTRAINT myapp_equipe_pkey PRIMARY KEY (id);


--
-- Name: myapp_imagemplanta myapp_imagemplanta_pkey; Type: CONSTRAINT; Schema: public; Owner: arca_user
--

ALTER TABLE ONLY public.myapp_imagemplanta
    ADD CONSTRAINT myapp_imagemplanta_pkey PRIMARY KEY (id);


--
-- Name: myapp_inscrito myapp_inscrito_email_key; Type: CONSTRAINT; Schema: public; Owner: arca_user
--

ALTER TABLE ONLY public.myapp_inscrito
    ADD CONSTRAINT myapp_inscrito_email_key UNIQUE (email);


--
-- Name: myapp_inscrito myapp_inscrito_pkey; Type: CONSTRAINT; Schema: public; Owner: arca_user
--

ALTER TABLE ONLY public.myapp_inscrito
    ADD CONSTRAINT myapp_inscrito_pkey PRIMARY KEY (id);


--
-- Name: myapp_mensagem myapp_mensagem_pkey; Type: CONSTRAINT; Schema: public; Owner: arca_user
--

ALTER TABLE ONLY public.myapp_mensagem
    ADD CONSTRAINT myapp_mensagem_pkey PRIMARY KEY (id);


--
-- Name: myapp_planta myapp_planta_pkey; Type: CONSTRAINT; Schema: public; Owner: arca_user
--

ALTER TABLE ONLY public.myapp_planta
    ADD CONSTRAINT myapp_planta_pkey PRIMARY KEY (id);


--
-- Name: myapp_postagem myapp_postagem_pkey; Type: CONSTRAINT; Schema: public; Owner: arca_user
--

ALTER TABLE ONLY public.myapp_postagem
    ADD CONSTRAINT myapp_postagem_pkey PRIMARY KEY (id);


--
-- Name: auth_group_name_a6ea08ec_like; Type: INDEX; Schema: public; Owner: arca_user
--

CREATE INDEX auth_group_name_a6ea08ec_like ON public.auth_group USING btree (name varchar_pattern_ops);


--
-- Name: auth_group_permissions_group_id_b120cbf9; Type: INDEX; Schema: public; Owner: arca_user
--

CREATE INDEX auth_group_permissions_group_id_b120cbf9 ON public.auth_group_permissions USING btree (group_id);


--
-- Name: auth_group_permissions_permission_id_84c5c92e; Type: INDEX; Schema: public; Owner: arca_user
--

CREATE INDEX auth_group_permissions_permission_id_84c5c92e ON public.auth_group_permissions USING btree (permission_id);


--
-- Name: auth_permission_content_type_id_2f476e4b; Type: INDEX; Schema: public; Owner: arca_user
--

CREATE INDEX auth_permission_content_type_id_2f476e4b ON public.auth_permission USING btree (content_type_id);


--
-- Name: auth_user_groups_group_id_97559544; Type: INDEX; Schema: public; Owner: arca_user
--

CREATE INDEX auth_user_groups_group_id_97559544 ON public.auth_user_groups USING btree (group_id);


--
-- Name: auth_user_groups_user_id_6a12ed8b; Type: INDEX; Schema: public; Owner: arca_user
--

CREATE INDEX auth_user_groups_user_id_6a12ed8b ON public.auth_user_groups USING btree (user_id);


--
-- Name: auth_user_user_permissions_permission_id_1fbb5f2c; Type: INDEX; Schema: public; Owner: arca_user
--

CREATE INDEX auth_user_user_permissions_permission_id_1fbb5f2c ON public.auth_user_user_permissions USING btree (permission_id);


--
-- Name: auth_user_user_permissions_user_id_a95ead1b; Type: INDEX; Schema: public; Owner: arca_user
--

CREATE INDEX auth_user_user_permissions_user_id_a95ead1b ON public.auth_user_user_permissions USING btree (user_id);


--
-- Name: auth_user_username_6821ab7c_like; Type: INDEX; Schema: public; Owner: arca_user
--

CREATE INDEX auth_user_username_6821ab7c_like ON public.auth_user USING btree (username varchar_pattern_ops);


--
-- Name: authtoken_token_key_10f0b77e_like; Type: INDEX; Schema: public; Owner: arca_user
--

CREATE INDEX authtoken_token_key_10f0b77e_like ON public.authtoken_token USING btree (key varchar_pattern_ops);


--
-- Name: django_admin_log_content_type_id_c4bce8eb; Type: INDEX; Schema: public; Owner: arca_user
--

CREATE INDEX django_admin_log_content_type_id_c4bce8eb ON public.django_admin_log USING btree (content_type_id);


--
-- Name: django_admin_log_user_id_c564eba6; Type: INDEX; Schema: public; Owner: arca_user
--

CREATE INDEX django_admin_log_user_id_c564eba6 ON public.django_admin_log USING btree (user_id);


--
-- Name: django_session_expire_date_a5c62663; Type: INDEX; Schema: public; Owner: arca_user
--

CREATE INDEX django_session_expire_date_a5c62663 ON public.django_session USING btree (expire_date);


--
-- Name: django_session_session_key_c0390e0f_like; Type: INDEX; Schema: public; Owner: arca_user
--

CREATE INDEX django_session_session_key_c0390e0f_like ON public.django_session USING btree (session_key varchar_pattern_ops);


--
-- Name: myapp_atividade_autores_equipe_atividade_id_afde607c; Type: INDEX; Schema: public; Owner: arca_user
--

CREATE INDEX myapp_atividade_autores_equipe_atividade_id_afde607c ON public.myapp_atividade_autores_equipe USING btree (atividade_id);


--
-- Name: myapp_atividade_autores_equipe_equipe_id_c2e39fbf; Type: INDEX; Schema: public; Owner: arca_user
--

CREATE INDEX myapp_atividade_autores_equipe_equipe_id_c2e39fbf ON public.myapp_atividade_autores_equipe USING btree (equipe_id);


--
-- Name: myapp_coordenadaplanta_planta_id_98312d24; Type: INDEX; Schema: public; Owner: arca_user
--

CREATE INDEX myapp_coordenadaplanta_planta_id_98312d24 ON public.myapp_coordenadaplanta USING btree (planta_id);


--
-- Name: myapp_imagemplanta_planta_id_0c032ab4; Type: INDEX; Schema: public; Owner: arca_user
--

CREATE INDEX myapp_imagemplanta_planta_id_0c032ab4 ON public.myapp_imagemplanta USING btree (planta_id);


--
-- Name: myapp_inscrito_email_0f518589_like; Type: INDEX; Schema: public; Owner: arca_user
--

CREATE INDEX myapp_inscrito_email_0f518589_like ON public.myapp_inscrito USING btree (email varchar_pattern_ops);


--
-- Name: myapp_postagem_autor_equipe_id_25527fa8; Type: INDEX; Schema: public; Owner: arca_user
--

CREATE INDEX myapp_postagem_autor_equipe_id_25527fa8 ON public.myapp_postagem USING btree (autor_equipe_id);


--
-- Name: auth_group_permissions auth_group_permissio_permission_id_84c5c92e_fk_auth_perm; Type: FK CONSTRAINT; Schema: public; Owner: arca_user
--

ALTER TABLE ONLY public.auth_group_permissions
    ADD CONSTRAINT auth_group_permissio_permission_id_84c5c92e_fk_auth_perm FOREIGN KEY (permission_id) REFERENCES public.auth_permission(id) DEFERRABLE INITIALLY DEFERRED;


--
-- Name: auth_group_permissions auth_group_permissions_group_id_b120cbf9_fk_auth_group_id; Type: FK CONSTRAINT; Schema: public; Owner: arca_user
--

ALTER TABLE ONLY public.auth_group_permissions
    ADD CONSTRAINT auth_group_permissions_group_id_b120cbf9_fk_auth_group_id FOREIGN KEY (group_id) REFERENCES public.auth_group(id) DEFERRABLE INITIALLY DEFERRED;


--
-- Name: auth_permission auth_permission_content_type_id_2f476e4b_fk_django_co; Type: FK CONSTRAINT; Schema: public; Owner: arca_user
--

ALTER TABLE ONLY public.auth_permission
    ADD CONSTRAINT auth_permission_content_type_id_2f476e4b_fk_django_co FOREIGN KEY (content_type_id) REFERENCES public.django_content_type(id) DEFERRABLE INITIALLY DEFERRED;


--
-- Name: auth_user_groups auth_user_groups_group_id_97559544_fk_auth_group_id; Type: FK CONSTRAINT; Schema: public; Owner: arca_user
--

ALTER TABLE ONLY public.auth_user_groups
    ADD CONSTRAINT auth_user_groups_group_id_97559544_fk_auth_group_id FOREIGN KEY (group_id) REFERENCES public.auth_group(id) DEFERRABLE INITIALLY DEFERRED;


--
-- Name: auth_user_groups auth_user_groups_user_id_6a12ed8b_fk_auth_user_id; Type: FK CONSTRAINT; Schema: public; Owner: arca_user
--

ALTER TABLE ONLY public.auth_user_groups
    ADD CONSTRAINT auth_user_groups_user_id_6a12ed8b_fk_auth_user_id FOREIGN KEY (user_id) REFERENCES public.auth_user(id) DEFERRABLE INITIALLY DEFERRED;


--
-- Name: auth_user_user_permissions auth_user_user_permi_permission_id_1fbb5f2c_fk_auth_perm; Type: FK CONSTRAINT; Schema: public; Owner: arca_user
--

ALTER TABLE ONLY public.auth_user_user_permissions
    ADD CONSTRAINT auth_user_user_permi_permission_id_1fbb5f2c_fk_auth_perm FOREIGN KEY (permission_id) REFERENCES public.auth_permission(id) DEFERRABLE INITIALLY DEFERRED;


--
-- Name: auth_user_user_permissions auth_user_user_permissions_user_id_a95ead1b_fk_auth_user_id; Type: FK CONSTRAINT; Schema: public; Owner: arca_user
--

ALTER TABLE ONLY public.auth_user_user_permissions
    ADD CONSTRAINT auth_user_user_permissions_user_id_a95ead1b_fk_auth_user_id FOREIGN KEY (user_id) REFERENCES public.auth_user(id) DEFERRABLE INITIALLY DEFERRED;


--
-- Name: authtoken_token authtoken_token_user_id_35299eff_fk_auth_user_id; Type: FK CONSTRAINT; Schema: public; Owner: arca_user
--

ALTER TABLE ONLY public.authtoken_token
    ADD CONSTRAINT authtoken_token_user_id_35299eff_fk_auth_user_id FOREIGN KEY (user_id) REFERENCES public.auth_user(id) DEFERRABLE INITIALLY DEFERRED;


--
-- Name: django_admin_log django_admin_log_content_type_id_c4bce8eb_fk_django_co; Type: FK CONSTRAINT; Schema: public; Owner: arca_user
--

ALTER TABLE ONLY public.django_admin_log
    ADD CONSTRAINT django_admin_log_content_type_id_c4bce8eb_fk_django_co FOREIGN KEY (content_type_id) REFERENCES public.django_content_type(id) DEFERRABLE INITIALLY DEFERRED;


--
-- Name: django_admin_log django_admin_log_user_id_c564eba6_fk_auth_user_id; Type: FK CONSTRAINT; Schema: public; Owner: arca_user
--

ALTER TABLE ONLY public.django_admin_log
    ADD CONSTRAINT django_admin_log_user_id_c564eba6_fk_auth_user_id FOREIGN KEY (user_id) REFERENCES public.auth_user(id) DEFERRABLE INITIALLY DEFERRED;


--
-- Name: myapp_atividade_autores_equipe myapp_atividade_auto_atividade_id_afde607c_fk_myapp_ati; Type: FK CONSTRAINT; Schema: public; Owner: arca_user
--

ALTER TABLE ONLY public.myapp_atividade_autores_equipe
    ADD CONSTRAINT myapp_atividade_auto_atividade_id_afde607c_fk_myapp_ati FOREIGN KEY (atividade_id) REFERENCES public.myapp_atividade(id) DEFERRABLE INITIALLY DEFERRED;


--
-- Name: myapp_atividade_autores_equipe myapp_atividade_auto_equipe_id_c2e39fbf_fk_myapp_equ; Type: FK CONSTRAINT; Schema: public; Owner: arca_user
--

ALTER TABLE ONLY public.myapp_atividade_autores_equipe
    ADD CONSTRAINT myapp_atividade_auto_equipe_id_c2e39fbf_fk_myapp_equ FOREIGN KEY (equipe_id) REFERENCES public.myapp_equipe(id) DEFERRABLE INITIALLY DEFERRED;


--
-- Name: myapp_coordenadaplanta myapp_coordenadaplanta_planta_id_98312d24_fk_myapp_planta_id; Type: FK CONSTRAINT; Schema: public; Owner: arca_user
--

ALTER TABLE ONLY public.myapp_coordenadaplanta
    ADD CONSTRAINT myapp_coordenadaplanta_planta_id_98312d24_fk_myapp_planta_id FOREIGN KEY (planta_id) REFERENCES public.myapp_planta(id) DEFERRABLE INITIALLY DEFERRED;


--
-- Name: myapp_imagemplanta myapp_imagemplanta_planta_id_0c032ab4_fk_myapp_planta_id; Type: FK CONSTRAINT; Schema: public; Owner: arca_user
--

ALTER TABLE ONLY public.myapp_imagemplanta
    ADD CONSTRAINT myapp_imagemplanta_planta_id_0c032ab4_fk_myapp_planta_id FOREIGN KEY (planta_id) REFERENCES public.myapp_planta(id) DEFERRABLE INITIALLY DEFERRED;


--
-- Name: myapp_postagem myapp_postagem_autor_equipe_id_25527fa8_fk_myapp_equipe_id; Type: FK CONSTRAINT; Schema: public; Owner: arca_user
--

ALTER TABLE ONLY public.myapp_postagem
    ADD CONSTRAINT myapp_postagem_autor_equipe_id_25527fa8_fk_myapp_equipe_id FOREIGN KEY (autor_equipe_id) REFERENCES public.myapp_equipe(id) DEFERRABLE INITIALLY DEFERRED;


--
-- PostgreSQL database dump complete
--

